Madrid,ES
Barcelona,ES
Sevilla,ES
Málaga,ES
Valencia,ES
Zaragoza,ES
Palma,ES
Murcia,ES
Las Palmas,ES
A Coruña,ES
Bilbao,ES
Alicante,ES
Córdoba,ES
Valladolid,ES
Vigo,ES
Gijón,ES
Vitoria-Gasteiz,ES
Elche,ES
Granada,ES
Tarrasa,ES
Badalona,ES
Oviedo,ES
Petrel,ES
Sabadell,ES
Cartagena,ES
Jerez de la Frontera,ES
Santa Cruz,ES
Pamplona,ES
León,ES
Almería,ES
Logroño,ES
Fuenlabrada,ES
Leganés,ES
Donostia,ES
Mataró,ES
Albacete,ES
Castellón de la Plana,ES
Santander,ES
Getafe,ES
Alcorcón,ES
Burgos,ES
Guadalajara,ES
La Laguna,ES
Badajoz,ES
Marbella,ES
Salamanca,ES
Huelva,ES
Ciudad de Melilla,ES
Tarragona,ES
Dos Hermanas,ES
Torrejón de Ardoz,ES
Algeciras,ES
Cádiz,ES
Jaén,ES
Reus,ES
Girona,ES
San Vicente de Baracaldo,ES
Lugo,ES
Roquetas de Mar,ES
Cáceres,ES
Las Rozas de Madrid,ES
Lorca,ES
San Fernando,ES
San Cugat del Vallés,ES
Santiago de Compostela,ES
San Sebastián de los Reyes,ES
Vaciamadrid,ES
El Puerto de Santa María,ES
Toledo,ES
Mijas,ES
Chiclana de la Frontera,ES
Torrevieja,ES
San Baudilio de Llobregat,ES
Ciudad de Ceuta,ES
Torrente,ES
El Ejido,ES
Pontevedra,ES
Fuengirola,ES
Arona,ES
Vélez-Málaga,ES
Rubí,ES
Manresa,ES
Avilés,ES
Valdemoro,ES
Gandía,ES
Alcalá de Guadaira,ES
Molina de Segura,ES
Majadahonda,ES
Paterna,ES
Benidorm,ES
Sanlúcar de Barrameda,ES
Torremolinos,ES
Benalmádena,ES
Villanueva y Geltrú,ES
Castelldefels,ES
Viladecáns,ES
Sagunto,ES
Ferrol,ES
El Prat de Llobregat,ES
Arrecife,ES
Collado-Villalba,ES
La Línea de la Concepción,ES
Irún,ES
Granollers,ES
Zamora,ES
Mérida,ES
Alcoy,ES
San Vicente del Raspeig,ES
Motril,ES
Ávila,ES
Linares,ES
Cuenca,ES
Huesca,ES
San Bartolomé,ES
Pinto,ES
Elda,ES
Colmenar Viejo,ES
Mollet,ES
Torrelavega,ES
Pola de Siero,ES
Villareal,ES
Granadilla de Abona,ES
Ibiza,ES
Utrera,ES
Adeje,ES
Rincón de la Victoria,ES
Figueras,ES
Esplugas de Llobregat,ES
Gavá,ES
Puertollano,ES
Mairena del Aljarafe,ES
Santurce-Antiguo,ES
Portugalete,ES
San Felíu de Llobregat,ES
Alcira,ES
Manacor,ES
Mislata,ES
Denia,ES
Lucena,ES
Alcantarilla,ES
La Orotava,ES
Puerto del Rosario,ES
Puerto Real,ES
Antequera,ES
Alhaurín de la Torre,ES
Igualada,ES
Villafranca del Panadés,ES
Blanes,ES
Écija,ES
Plasencia,ES
San Fernando de Henares,ES
Santa Eulalia del Río,ES
Sama,ES
Lloret de Mar,ES
Narón,ES
Burjasot,ES
Los Palacios y Villafranca,ES
Vendrell,ES
Ripollet,ES
Lluchmayor,ES
Marratxi,ES
Villagarcía de Arosa,ES
Mieres,ES
San Adrián de Besós,ES
Don Benito,ES
Tudela,ES
Moncada,ES
Andújar,ES
Oleiros,ES
Torre-Pacheco,ES
Tomelloso,ES
Olot,ES
Onteniente,ES
Miranda de Ebro,ES
Águilas,ES
Teruel,ES
Cieza,ES
Villajoyosa,ES
Burriana,ES
Cambrils,ES
San Juan Despí,ES
Villena,ES
Almendralejo,ES
Ronda,ES
Inca,ES
Tortosa,ES
Santa Pola,ES
Aranda de Duero,ES
San Javier,ES
Mazarrón,ES
Arteijo,ES
Totana,ES
Castro-Urdiales,ES
Aldaya,ES
Salt,ES
Vall de Uxó,ES
Níjar,ES
San Roque,ES
Carballo,ES
Arroyomolinos,ES
Manises,ES
San Pedro de Ribas,ES
Coria del Río,ES
Arcos de la Frontera,ES
Alcázar de San Juan,ES
Culleredo,ES
San Andrés del Rabanedo,ES
Puerto de la Cruz,ES
Valdepeñas,ES
Chirivella,ES
Durango,ES
Puente-Genil,ES
Alacuás,ES
Mahón,ES
Sitges,ES
Crevillente,ES
Galdácano,ES
Rota,ES
Redondela,ES
Campello,ES
Vinaroz,ES
Martorell,ES
Catarroja,ES
Premiá de Mar,ES
Salou,ES
Candelaria,ES
Jávea,ES
Lepe,ES
Éibar,ES
Morón de la Frontera,ES
Calafell,ES
Lebrija,ES
San Andrés de la Barca,ES
Sueca,ES
Camas,ES
Sestao,ES
Algemesí,ES
Benicarló,ES
La Oliva,ES
Vícar,ES
Santa Eugenia,ES
Almazora,ES
Cártama,ES
Cangas,ES
Paiporta,ES
Santa Perpetua de Moguda,ES
Jumilla,ES
Molíns de Rey,ES
San Pedro del Pinatar,ES
Almuñécar,ES
Paracuellos de Jarama,ES
Villanueva de la Serena,ES
Novelda,ES
Renedo,ES
Muchamiel,ES
Tomares,ES
Adra,ES
Alhaurín el Grande,ES
Oliva,ES
Villarrobledo,ES
Ciempozuelos,ES
Cuart de Poblet,ES
Onda,ES
Puebla de Vallbona,ES
Alboraya,ES
Bétera,ES
Cambre,ES
Calahorra,ES
Erandio,ES
Almansa,ES
Almonte,ES
Valls,ES
San Juan de Alicante,ES
Armilla,ES
Olesa de Montserrat,ES
Torrelodones,ES
Masnou,ES
Los Barrios,ES
Mairena del Alcor,ES
Ibi,ES
Liria,ES
Zarautz,ES
Calpe,ES
Icod de los Vinos,ES
Puenteareas,ES
Conil de la Frontera,ES
Laguna de Duero,ES
Montilla,ES
Coín,ES
Altea,ES
Barbate de Franco,ES
Vilaseca de Solcina,ES
Cullera,ES
Priego de Córdoba,ES
Pilar de la Horadada,ES
Maracena,ES
Esparraguera,ES
Bormujos,ES
Torre del Mar,ES
Alhama de Murcia,ES
San Felíu de Guixols,ES
Moncada,ES
Moguer,ES
Guía de Isora,ES
San Juan de Aznalfarache,ES
Las Torres de Cotillas,ES
Alcalá la Real,ES
Aljaraque,ES
Alfafar,ES
Isla-Cristina,ES
Pájara,ES
Picasent,ES
Almoradí,ES
Nerja,ES
Ayamonte,ES
Palafrugell,ES
San Juan de Vilasar,ES
Palma del Río,ES
Manlleu,ES
Alcudia,ES
Aspe,ES
Los Llanos de Aridane,ES
Güimar,ES
La Unión,ES
Hernani,ES
Carcagente,ES
Baza,ES
Loja,ES
Medina del Campo,ES
Requena,ES
La Estrada,ES
Cabra,ES
Lalín,ES
Barañáin,ES
Porriño,ES
Calatayud,ES
Cartaya,ES
Bañolas,ES
Rosas,ES
Puzol,ES
El Arahal,ES
Amorebieta,ES
Moaña,ES
Huércal-Overa,ES
Archena,ES
Zubia,ES
Marchena,ES
El Viso del Alcor,ES
Calella,ES
Chipiona,ES
Callosa de Segura,ES
Silla,ES
Baena,ES
Albolote,ES
Atarfe,ES
Utebo,ES
Malgrat de Mar,ES
Villaquilambre,ES
Sant Just Desvern,ES
Lora del Río,ES
San Lorenzo de El Escorial,ES
Guadix,ES
Cardedeu,ES
Benicasim,ES
La Eliana,ES
Felanitx,ES
Tarifa,ES
La Nucía,ES
San Celoni,ES
El Astillero,ES
Manzanares,ES
Torrox,ES
Huércal de Almería,ES
Daimiel,ES
Caldas de Montbuy,ES
Benavente,ES
Nigrán,ES
Munguía,ES
Osuna,ES
Bailén,ES
Castilleja de la Cuesta,ES
Balaguer,ES
Tárrega,ES
Sangenjo,ES
Tabernes de Valldigna,ES
Pozoblanco,ES
Barbastro,ES
Navalmoral de la Mata,ES
Guernica y Luno,ES
Poyo,ES
Mula,ES
Vera,ES
Bermeo,ES
Canovellas,ES
Zafra,ES
Fuente-Álamo de Murcia,ES
Berga,ES
Rojales,ES
La Garriga,ES
Pollensa,ES
Montornés del Vallés,ES
Ubrique,ES
Los Alcázares,ES
Albal,ES
Torredembarra,ES
Guadarrama,ES
La Algaba,ES
Manilva,ES
Las Cabezas de San Juan,ES
Santomera,ES
Arzúa,ES
Sada,ES
Masamagrell,ES
Piera,ES
Alcañiz,ES
Arenys de Mar,ES
Guardamar del Segura,ES
Ermúa,ES
Espartinas,ES
Baeza,ES
Lumbreras,ES
Cubellas,ES
Santa Cruz de la Palma,ES
Churriana de la Vega,ES
La Roda,ES
Miguelturra,ES
La Solana,ES
Chiva,ES
Vieiro,ES
Punta Umbría,ES
Fraga,ES
La Carolina,ES
Azpeitia,ES
Cizur Mayor,ES
Vergara,ES
Arnedo,ES
Benetúser,ES
Santa Úrsula,ES
San Carlos de la Rápita,ES
Corbera de Llobregat,ES
Canet de Mar,ES
Cehegín,ES
Gondomar,ES
Andoain,ES
Meco,ES
Mollerusa,ES
Villaviciosa,ES
Cuevas del Almanzora,ES
Torelló,ES
Bollullos par del Condado,ES
Ogíjares,ES
Noya,ES
Torre del Campo,ES
Sopelana,ES
Carballino,ES
La Carlota,ES
Villalba,ES
Pilas,ES
Sanlúcar la Mayor,ES
Beasain,ES
Guia,ES
Alginet,ES
La Puebla,ES
Cambados,ES
Llanera,ES
Torrijos,ES
Verín,ES
Sóller,ES
Torredonjimeno,ES
La Llagosta,ES
Tomiño,ES
Cunit,ES
Canals,ES
Llanes,ES
San Agustín de Guadalix,ES
Cuarte de Huerva,ES
El Barco de Valdeorras,ES
Gines,ES
Aguilar,ES
Santa Coloma de Farnés,ES
Sarria,ES
Campo de Criptana,ES
Nules,ES
Alora,ES
Santa Cruz de Bezana,ES
Betanzos,ES
Abarán,ES
Pola de Laviana,ES
Fene,ES
Sant Sadurní d’Anoia,ES
Santa Margarita,ES
Valverde del Camino,ES
Gibraleón,ES
Villafranca de los Barros,ES
Vejer de la Frontera,ES
Vilanova del Camí,ES
Berja,ES
Castellbisbal,ES
Abrera,ES
Argentona,ES
Teror,ES
Salobreña,ES
Brenes,ES
Estepa,ES
Albatera,ES
Ocaña,ES
Santañy,ES
Arrigorriaga,ES
Monóvar,ES
Mongat,ES
Acalá del Río,ES
Capdepera,ES
Villamartín,ES
Bayona,ES
Cangas de Narcea,ES
Alcudia de Carlet,ES
Albox,ES
Socuéllamos,ES
Huétor Vega,ES
Bolaños de Calatrava,ES
Ceuti,ES
Benifayó,ES
Bueu,ES
La Puebla del Río,ES
Olivenza,ES
Son Servera,ES
Medina Sidonia,ES
Palos de la Frontera,ES
Jódar,ES
Azcoitia,ES
Pallejá,ES
Picaña,ES
Elgóibar,ES
Bullas,ES
Oñate,ES
Peligros,ES
Beniel,ES
Utiel,ES
Andraitx,ES
Laracha,ES
Mancha Real,ES
Benisa,ES
Tegueste,ES
Campos del Puerto,ES
Santiago del Teide,ES
Teulada,ES
Benaguacil,ES
Beniaján,ES
Barbadanes,ES
San Andrés de Llevaneras,ES
Sonseca,ES
Laredo,ES
Santoña,ES
Rianxo,ES
Sant Joan de Vilatorrada,ES
Meliana,ES
La Puebla de Cazalla,ES
Bollullos de la Mitación,ES
Aizoáin,ES
Lardero,ES
Ripoll,ES
La Palma del Condado,ES
Los Corrales de Buelna,ES
Astorga,ES
Cantillana,ES
Pola de Lena,ES
Villacarrillo,ES
Berriozar,ES
Tafalla,ES
Peñarroya-Pueblonuevo,ES
Tarazona de Aragón,ES
Bargas,ES
Alberique,ES
Grove,ES
Alcaudete,ES
Castalla,ES
Alcora,ES
Cabañaquinta,ES
Cassá de la Selva,ES
Huétor-Tájar,ES
Sedaví,ES
Pulpí,ES
Madridejos,ES
Candás,ES
La Bañeza,ES
Fortuna,ES
Luanco,ES
Amurrio,ES
La Escala,ES
Villanueva de Arosa,ES
Santa Margarita de Mombúy,ES
Gelves,ES
Canteras,ES
Calasparra,ES
Zumaia,ES
Puentes de García Rodríguez,ES
Illora,ES
Caspe,ES
La Guardia,ES
Foz,ES
Caudete,ES
Mengibar,ES
Salvatierra de Miño,ES
Alella,ES
Rute,ES
Pinos Puente,ES
Villamarchante,ES
El Álamo,ES
Ribadeo,ES
Mora,ES
Masanasa,ES
Caldas de Reyes,ES
San Vicente de Castellet,ES
Fuente Palmera,ES
Villarrubia de los Ojos,ES
Alguazas,ES
Binéfar,ES
Alcarraz,ES
Grado,ES
Cuéllar,ES
Fernán-Núñez,ES
Santa María de Palautordera,ES
Alfaro,ES
Piedras Blancas,ES
Miajadas,ES
Garrucha,ES
Alhendín,ES
Buñol,ES
Burela de Cabo,ES
Matadepera,ES
Tocina,ES
Alayor,ES
Olivares,ES
Pizarra,ES
Alcanar,ES
San Juan del Puerto,ES
Masquefa,ES
Sevilla La Nueva,ES
Valsequillo de Gran Canaria,ES
Santa Comba,ES
Cervera,ES
Puebla del Caramiñal,ES
Muro del Alcoy,ES
Montoro,ES
El Molar,ES
San Sebastián de la Gomera,ES
Senmanat,ES
Colmenarejo,ES
Tabernes Blanques,ES
Tineo,ES
El Campo,ES
Sabiñánigo,ES
Santa María de Cayón,ES
La Victoria de Acentejo,ES
Rafelbuñol,ES
Solsona,ES
Arenys de Munt,ES
Segorbe,ES
El Espinar,ES
Cervelló,ES
La Matanza de Acentejo,ES
Cistérniga,ES
Umbrete,ES
Almusafes,ES
Reinosa,ES
Tiana,ES
Sauzal,ES
Manzanares el Real,ES
Almagro,ES
Catral,ES
Loeches,ES
Silleda,ES
San Fausto de Campcentellas,ES
Palomares del Río,ES
San Fructuoso de Bagés,ES
Montmeló,ES
Suances,ES
Binisalem,ES
Tordesillas,ES
San Lorenzo de Descardazar,ES
Cheste,ES
Puig,ES
Padul,ES
Villanueva de Córdoba,ES
Toro,ES
Llagostera,ES
Colindres,ES
Bembibre,ES
Santiponce,ES
Polinyá,ES
Herencia,ES
El Corrillo,ES
Valldoreix,ES
Reocín,ES
Ondárroa,ES
Campillos,ES
Ortuella,ES
Padrón,ES
Villamediana de Iregua,ES
Cabezón de la Sal,ES
Tona,ES
Monforte del Cid,ES
Navia,ES
Legazpia,ES
Ollería,ES
Santa Coloma de Cervelló,ES
Aracena,ES
Monserrat,ES
Archidona,ES
Chantada,ES
Cenes de la Vega,ES
Puebla de Farnals,ES
Arico el Nuevo,ES
Carboneras,ES
Corella,ES
Roquetas,ES
Villanueva del Arzobispo,ES
Los Santos de Maimona,ES
Nájera,ES
Olvera,ES
Cintruénigo,ES
Pinoso,ES
Monachil,ES
Pravia,ES
Artá,ES
Arévalo,ES
Vidreras,ES
Almodóvar del Río,ES
Redován,ES
Brion,ES
Pedreguer,ES
Malagón,ES
Caldas de Malavella,ES
Trigueros,ES
La Puebla de Montalbán,ES
Villaverde del Río,ES
Valencina de la Concepción,ES
Castro del Río,ES
Puentedeume,ES
Benahavís,ES
Azuaga,ES
Valmaseda,ES
Tobarra,ES
San Esteban Sasroviras,ES
Marchamalo,ES
Peñíscola,ES
Gerena,ES
Gélida,ES
Abadiano Celayeta,ES
Bornos,ES
El Paso,ES
Sampedor,ES
Onil,ES
Vega de San Mateo,ES
Cee,ES
Cúllar-Vega,ES
Viladecaballs,ES
Oroso,ES
Dolores,ES
La Rambla,ES
Callosa de Ensarriá,ES
Centellas,ES
San Nicolás,ES
Cobeña,ES
Foyos,ES
Almácera,ES
Villarejo de Salvanés,ES
Cabrils,ES
Santa Eulalia de Ronsaná,ES
Sotomayor,ES
Talayuela,ES
Cox,ES
Montblanch,ES
Valverde de la Virgen,ES
Elorrio,ES
Albuñol,ES
Cazorla,ES
Andorra,ES
Bujalance,ES
Lekeitio,ES
Rocafort,ES
Begas,ES
Pedro Muñoz,ES
Guisona,ES
Breña Alta,ES
Lorquí,ES
Benacazón,ES
Torreperogil,ES
Berango,ES
Villamayor,ES
Cercedilla,ES
Huéscar,ES
Fuentes de Andalucía,ES
Dúrcal,ES
Collado Mediano,ES
Arechavaleta,ES
Finestrat,ES
Ondara,ES
Villa del Río,ES
Massanet de la Selva,ES
Montellano,ES
Astigarraga,ES
San Clemente,ES
Benalup de Sidonia,ES
Vimianzo,ES
Argamasilla de Alba,ES
Puerto Serrano,ES
Bigastro,ES
Náquera,ES
Buñola,ES
Guareña,ES
Casares,ES
Infiesto,ES
La Ametlla de Mar,ES
Paradas,ES
Vacarisas,ES
Almacellas,ES
Fuente el Saz,ES
Negreira,ES
Roda de Bará,ES
Mojácar,ES
Burguillos,ES
Canet de Berenguer,ES
Marmolejo,ES
Güeñes,ES
San Luis,ES
Sallent,ES
Derio,ES
Turís,ES
Fuente del Maestre,ES
Moncófar,ES
Jimena de la Frontera,ES
Hinojosa del Duque,ES
Moraleja,ES
Cedeira,ES
Constantí,ES
Bergondo,ES
Taradell,ES
Las Pedroñeras,ES
Alcalá de Chivert,ES
Arbucias,ES
Museros,ES
Villanueva del Ariscal,ES
Briviesca,ES
Ríudoms,ES
Blanca,ES
Argés,ES
Algarrobo,ES
Vélez Rubio,ES
Valdoviño,ES
Jaraiz de la Vera,ES
Llissá de Vall,ES
Roda del Ter,ES
Carral,ES
Villamuriel de Cerrato,ES
Herrera,ES
San Vicente de Mont-Alt,ES
Teyá,ES
Venta de Baños,ES
Moyá,ES
San Felíu de Codinas,ES
Miraflores de la Sierra,ES
Puebla de Alfindén,ES
Pereiro de Aguiar,ES
San Adrián,ES
Arenas de San Pedro,ES
Iscar,ES
San Miguel de Salinas,ES
Rosal,ES
Santo Domingo de la Calzada,ES
Alpicat,ES
Olula del Río,ES
Allariz,ES
Gata de Gorgos,ES
Zaratán,ES
Sils,ES
San Antonio de Vilamajor,ES
Tarazona de la Mancha,ES
Urnieta,ES
Almensilla,ES
Usúrbil,ES
Calamonte,ES
Porcuna,ES
Outes,ES
Lloseta,ES
Nazaret,ES
Lezo,ES
Abanilla,ES
Orio,ES
Almenara,ES
Aznalcóllar,ES
Torrellas de Llobregat,ES
Bonares,ES
Navarcles,ES
Los Villares,ES
Navás,ES
Almodóvar del Campo,ES
Viator,ES
La Canonja,ES
Coristanco,ES
Suria,ES
Membrilla,ES
Vilaboa,ES
Albaida,ES
Tremp,ES
Gójar,ES
Guadasuar,ES
Górliz-Elexalde,ES
Los Yébenes,ES
Villabona,ES
Guardo,ES
Alhama de Granada,ES
Constantina,ES
Argamasilla de Calatrava,ES
Puebla de la Calzada,ES
Lazcano,ES
Ares,ES
Valga,ES
Breña Baja,ES
Algaida,ES
Órjiva,ES
Castuera,ES
Benigánim,ES
Arroyo de la Luz,ES
Artés,ES
Huelma,ES
Llerena,ES
Medina de Pomar,ES
Cartes,ES
Montehermoso,ES
San Hilario Sacalm,ES
Ribadesella,ES
La Selva,ES
Anglés,ES
Dosríus,ES
Celanova,ES
La Cenia,ES
Aldeamayor de San Martín,ES
Santa Marta de Ortigueira,ES
Esquivias,ES
Alaró,ES
Arafo,ES
Prado del Rey,ES
Porreras,ES
Torreblanca,ES
Nueva-Carteya,ES
Salteras,ES
Celrá,ES
Yeles,ES
Chauchina,ES
La Guancha,ES
Puente Caldelas,ES
Arjona,ES
Algodonales,ES
Vilanova de la Roca,ES
Guitiriz,ES
Alfacar,ES
Macael,ES
Aceuchal,ES
Almazán,ES
Pulianas,ES
Deba,ES
Paterna de Rivera,ES
Benejúzar,ES
Casariche,ES
San Pol de Mar,ES
Vilafant,ES
Chinchón,ES
Agramunt,ES
Abegondo,ES
Borriol,ES
San Ciprián de Viñas,ES
Alameda,ES
San Vicente de Alcántara,ES
Valencia de Alcántara,ES
Malpica,ES
Capellades,ES
Cigales,ES
Librilla,ES
Meaño,ES
Parres,ES
Talavera La Real,ES
Montefrío,ES
Mutriku,ES
Villanueva del Trabuco,ES
Altafulla,ES
Alburquerque,ES
Santa Cristina de Aro,ES
San Ildefonso,ES
Ayora,ES
Mollina,ES
Nava,ES
Valencia de Don Juan,ES
Simancas,ES
Entrambasaguas,ES
Peal de Becerro,ES
La Campana,ES
Sarriá de Ter,ES
Alcalá de los Gazules,ES
Bellpuig,ES
Mugardos,ES
Otero de Rey,ES
Camariñas,ES
Moral de Calatrava,ES
Cájar,ES
Almadén,ES
Quesada,ES
Gualchos,ES
Pedrera,ES
Las Navas del Marqués,ES
Noreña,ES
Alcover,ES
La Cañiza,ES
Iznalloz,ES
Alcudia de Crespins,ES
Esporlas,ES
Ribadumia,ES
Beas de Segura,ES
Ses Salines,ES
Oliva de la Frontera,ES
Sariegos,ES
La Puebla de Almoradiel,ES
Castro de Rey,ES
Valverde,ES
Marquina-Jemein,ES
Polop,ES
Los Montesinos,ES
Peñafiel,ES
Alcalá del Valle,ES
Candeleda,ES
Neda,ES
Ribadavia,ES
Cerceda,ES
Vedra,ES
Cacabelos,ES
Bescanó,ES
Salvatierra,ES
Borja,ES
Benamejí,ES
Carranque,ES
Gironella,ES
Isla de Arosa,ES
Cudillero,ES
Ferrerías,ES
Salas,ES
Castilblanco de los Arroyos,ES
Miengo,ES
Sollana,ES
Garachico,ES
Infantes,ES
Villafranca de Córdoba,ES
Campanario,ES
Pallaresos,ES
Villanueva del Río y Minas,ES
Lodosa,ES
Fregenal de la Sierra,ES
El Viso de San Juan,ES
Martorellas,ES
Cabeza del Buey,ES
Agost,ES
Buenavista del Norte,ES
Enguera,ES
Meis,ES
Cabrera de Mataró,ES
Los Silos,ES
Pozo Alcón,ES
Villanueva de Gállego,ES
El Coronil,ES
Campa,ES
Canyellas,ES
Finisterre,ES
Torrefarrera,ES
Fuente de Cantos,ES
Cazalla de la Sierra,ES
Porqueras,ES
Sotillo de la Adrada,ES
El Pino,ES
Cardona,ES
Madrigueras,ES
Ayelo de Malferit,ES
Arboleas,ES
Autol,ES
Bellreguart,ES
Doña Mencía,ES
Santaella,ES
Medina de Ríoseco,ES
Cortegana,ES
Malpartida de Plasencia,ES
Tazacorte,ES
Aznalcázar,ES
Bérriz,ES
La Luisiana,ES
Quintana de la Serena,ES
Catllar,ES
Fuentes de Ebro,ES
Collbató,ES
San Pedro de Vilamajor,ES
Casas Ibáñez,ES
Rois,ES
Fuente Obejuna,ES
Casar de Cáceres,ES
Benahadux,ES
Santovenia de Pisuerga,ES
Hornachuelos,ES
Villamanrique de la Condesa,ES
Montalbán de Córdoba,ES
Puebla Larga,ES
Benitachell,ES
Los Molinos,ES
Mondariz,ES
Navalvillar de Pela,ES
Cospeito,ES
Zas,ES
Fabero,ES
Fuente Vaqueros,ES
Piedrabuena,ES
Épila,ES
Valmojado,ES
Villalonga,ES
El Carpio,ES
Plencia,ES
Beas,ES
Ampuero,ES
Bárcena de Cicero,ES
Sigüenza,ES
Puigreig,ES
Hostalrich,ES
Formentera de Segura,ES
Castejón,ES
Ibarra,ES
Cadrete,ES
El Saucejo,ES
Santillana,ES
Cervo,ES
Sodupe,ES
Monesterio,ES
Boqueijón,ES
Chinchilla de Monte Aragón,ES
Yebes,ES
Frontera,ES
Sariñena,ES
Los Sauces,ES
El Tiemblo,ES
La Roda de Andalucía,ES
Papiol,ES
Valverde de Leganés,ES
San Clemente de Llobregat,ES
Albuixech,ES
Miravalles,ES
Boecillo,ES
Villanueva de Algaidas,ES
Moraña,ES
Orcoyen,ES
Bocairente,ES
Adamuz,ES
Iznájar,ES
Murchante,ES
Consell,ES
Niebla,ES
Beriáin,ES
Escoriaza,ES
Pechina,ES
Camponaraya,ES
San Vicente de la Barquera,ES
Santa Cruz de Mudela,ES
Arriate,ES
Selva,ES
Arroyo de San Serván,ES
Malpartida de Cáceres,ES
Pinseque,ES
Villamalea,ES
Dalías,ES
La Guardia de Jaén,ES
Curtis,ES
Castillo de Locubín,ES
Albalat dels Sorells,ES
Sineu,ES
Caniles,ES
La Lastrilla,ES
Talamanca de Jarama,ES
Olite,ES
Santa Amalia,ES
La Pobla de Mafumet,ES
Cómpeta,ES
Hinojos,ES
Hervás,ES
Cascante,ES
Yuncler,ES
Los Corrales,ES
Olivella,ES
Alosno,ES
San Gregorio,ES
Veigas,ES
Placencia,ES
Pradejón,ES
Carnota,ES
Bagur,ES
Rincón de Soto,ES
Sabiote,ES
Villargordo,ES
Espera,ES
Montemayor,ES
Jun,ES
La Lantejuela,ES
Pliego,ES
Luarca,ES
Mazaricos,ES
Balenyá,ES
Azagra,ES
Calanda,ES
Ojén,ES
Minas de Ríotinto,ES
Villasana de Mena,ES
Nieves,ES
Soto del Barco,ES
Quart d’Onyar,ES
Almogía,ES
Turre,ES
Cariño,ES
Cestona,ES
Breda,ES
San Bartolomé de la Torre,ES
El Franco,ES
Vera de Bidasoa,ES
La Robla,ES
Teba,ES
Morell,ES
Bonrepós y Mirambell,ES
Ribaforada,ES
Espluga de Francolí,ES
La Alameda de la Sagra,ES
Magán,ES
Gilena,ES
Tabernas,ES
Santa Bárbara,ES
Alhama de Almería,ES
Valdepeñas de Jaén,ES
Olvega,ES
Cangas de Onís,ES
Odena,ES
Yurreta,ES
Friol,ES
Calaf,ES
Biar,ES
Lopera,ES
Olmedo,ES
Llosa de Ranes,ES
Peñaflor,ES
Bisbal del Panadés,ES
La Calzada de Calatrava,ES
Casabermeja,ES
Barro,ES
Villa de Don Fadrique,ES
Moclín,ES
Jove,ES
Cuevas de San Marcos,ES
Altura,ES
Pedrola,ES
Godelleta,ES
Arjonilla,ES
Navahermosa,ES
Faura,ES
Santa Susana,ES
Tíjola,ES
Zalamea de la Serena,ES
Seva,ES
San Hipólito de Voltregá,ES
Mondoñedo,ES
Hornachos,ES
Villar del Arzobispo,ES
Rus,ES
Lanjarón,ES
Mendavia,ES
Elche de la Sierra,ES
Los Molares,ES
Láchar,ES
Las Ventas de Retamosa,ES
Lemorieta,ES
Juneda,ES
Viella,ES
Herrera del Duque,ES
Tamarite de Litera,ES
Barcarrota,ES
Albelda de Iregua,ES
Villafranca de Bonany,ES
Porzuna,ES
Paterna del Campo,ES
Milagro,ES
San Cipriano de Vallalta,ES
Alcoletge,ES
Munera,ES
Villaconejos,ES
Corgo,ES
Cijuela,ES
La Baña,ES
Vinalesa,ES
Flix,ES
Colmenar,ES
Talarrubias,ES
Gilet,ES
Zarza de Alange,ES
Artesa de Segre,ES
Elizondo,ES
Fonsagrada,ES
Sancellas,ES
El Rubio,ES
Villalba del Alcor,ES
Cantoria,ES
Graus,ES
Carracedelo,ES
Villanueva del Fresno,ES
Villanueva del Rosario,ES
Almenar,ES
Cariñena,ES
Santa Oliva,ES
Alcolea del Río,ES
Castropol,ES
Viloví de Oñar,ES
Catoira,ES
Albalat de la Ribera,ES
Palas de Rey,ES
Cañada Rosal,ES
La Junquera,ES
Sierra de Yeguas,ES
Antas,ES
Pedrajas de San Esteban,ES
Forcarey,ES
Santa Cruz del Retamar,ES
Alcorisa,ES
Humilladero,ES
Simat de Valldigna,ES
Coaña,ES
Benijófar,ES
Villanueva de la Concepción,ES
Alfara del Patriarca,ES
La Ampolla,ES
Escalona,ES
Zamudio,ES
Jamilena,ES
San Mateo de Gállego,ES
Lousame,ES
San Martín Sarroca,ES
Lucena del Puerto,ES
Tordoya,ES
Mojados,ES
Ribera del Fresno,ES
Belalcázar,ES
Molina de Aragón,ES
San Juan de Moró,ES
Campdevánol,ES
San Juan de las Abadesas,ES
Cebolla,ES
Fuente el Fresno,ES
Colunga,ES
Albaida del Aljarafe,ES
Villaviciosa de Córdoba,ES
Balsareny,ES
Serra,ES
Cortes,ES
Oza de los Ríos,ES
Cebreros,ES
Fuenmayor,ES
Sant Juliá de Vilatorta,ES
Algorfa,ES
La Pola de Gordón,ES
Moraleda de Zafayona,ES
Villanueva de Río Segura,ES
Mora la Nueva,ES
Sant Pau d’Ordal,ES
Santa María del Páramo,ES
Carrión de Calatrava,ES
Vallada,ES
Gandesa,ES
Puebla de Guzmán,ES
Navacerrada,ES
Cistierna,ES
Periana,ES
Badolatosa,ES
Busot,ES
Coles,ES
Burguillos del Cerro,ES
Cortes de la Frontera,ES
Frigiliana,ES
Castellar de la Frontera,ES
Zalamea la Real,ES
Aroche,ES
Puentecesures,ES
Cadalso de los Vidrios,ES
Benamocarra,ES
Zaldívar,ES
Sant Joan les Fonts,ES
Fuensanta de Martos,ES
Villanueva de la Reina,ES
Fuente de San Luis,ES
Alguaire,ES
Ágreda,ES
Estartit,ES
Cizurquil,ES
Caldas de Estrach,ES
Trazo,ES
Toreno,ES
Utrillas,ES
Mallén,ES
Navarrés,ES
Lage,ES
Vallgorguina,ES
Montuiri,ES
Els Hostalets,ES
La Puebla de los Infantes,ES
Begonte,ES
Cabanes,ES
Luque,ES
Villarejo de Órbigo,ES
Morales del Vino,ES
Torralba de Calatrava,ES
Leiza,ES
Pastoriza,ES
Saldaña,ES
Montroy,ES
Zurgena,ES
San Esteban de Gormaz,ES
Barreiros,ES
Cañete de las Torres,ES
Bélmez,ES
Torrejoncillo,ES
Portas,ES
Los Gallardos,ES
Alonsótegui,ES
Vélez de Benaudalla,ES
Puente la Reina,ES
Villablanca,ES
Pobla de Montornés,ES
Villafranca,ES
Vallehermosa,ES
Ramales de la Victoria,ES
Pegalajar,ES
Yunquera,ES
Ricla,ES
San Esteban de Palautordera,ES
Marcilla,ES
Calatorao,ES
Güéjar-Sierra,ES
Vall d’Alba,ES
Villafranca del Bierzo,ES
Tanque,ES
Puente Viesgo,ES
Maceda,ES
Castilleja de Guzmán,ES
Castellvell,ES
Ibros,ES
Perelló,ES
Villanueva de los Castillejos,ES
Viana del Bollo,ES
Pedro Abad,ES
Pedralba,ES
Illueca,ES
Jarandilla de la Vera,ES
Catadau,ES
Caparroso,ES
Torrenueva,ES
Getaria,ES
Pozo-Cañada,ES
San Saturnino,ES
Casinos,ES
Genovés,ES
Golmayo,ES
Aoiz,ES
Zahinos,ES
Molvízar,ES
Villanubla,ES
Calañas,ES
Alfarrás,ES
Lobón,ES
Dodro,ES
Lesaca,ES
Piles,ES
Villarta de San Juan,ES
Guarromán,ES
La Cabrera,ES
Tielmes,ES
Falset,ES
Ríogordo,ES
El Bonillo,ES
Liñola,ES
Losar de la Vera,ES
Taboada,ES
El Gurb,ES
Maside,ES
Monda,ES
Cadaqués,ES
Los Santos de la Humosa,ES
Miramar,ES
Cambil,ES
Basigo de Baguio,ES
Puebla de Sancho Pérez,ES
Santa Coloma de Queralt,ES
Poblete,ES
Torrenueva,ES
Martín de la Jara,ES
Fuente de Piedra,ES
Llombay,ES
Campanet,ES
Pons,ES
Orellana la Vieja,ES
Güevéjar,ES
Guntín,ES
Oropesa,ES
San Jaime dels Domenys,ES
Dueñas,ES
Salar,ES
Anna,ES
Yeste,ES
Guadalcanal,ES
Pruna,ES
Prats de Llusanés,ES
Solana de los Barros,ES
Deifontes,ES
Menasalbas,ES
Castroverde,ES
Marinaleda,ES
Granja de Rocamora,ES
Cartelle,ES
Noja,ES
Láncara,ES
Arbo,ES
Baños de la Encina,ES
Cella,ES
Aytona,ES
Gallur,ES
Chozas de Abajo,ES
Lillo,ES
Vallromanas,ES
Masalfasar,ES
Alcuéscar,ES
Puntallana,ES
Castelltersol,ES
La Gineta,ES
Carrión de los Céspedes,ES
Zújar,ES
La Adrada,ES
Lerma,ES
Real de Gandía,ES
Villasequilla de Yepes,ES
Monterrey,ES
Ugíjar,ES
El Viso,ES
Puebla del Duc,ES
Casarabonela,ES
Ayguafreda,ES
Torreblascopedro,ES
Tijarafe,ES
Ardales,ES
Favareta,ES
Valle de Abdalagís,ES
Carcastillo,ES
Echarri-Aranaz,ES
Mesia,ES
Madroñera,ES
La Romana,ES
Huesa,ES
Besalú,ES
Monreal del Campo,ES
El Burgo de Ebro,ES
Ablitas,ES
Fustiñana,ES
Baralla,ES
Almoines,ES
Sahagún,ES
Fuente-Álamo,ES
Chella,ES
San Pedro de Torelló,ES
Albiñana,ES
Algarinejo,ES
Cesuras,ES
Alberite,ES
Funes,ES
Benavides,ES
Manuel,ES
Sorbas,ES
Valderrobres,ES
El Provencio,ES
Valtierra,ES
San Lorenzo de Hortóns,ES
Los Navalmorales,ES
San Lorenzo Savall,ES
Morella,ES
Fontanar,ES
Vilallonga del Campo,ES
Espiel,ES
Cornellá de Terri,ES
Torrellas de Foix,ES
Lama,ES
Lloréns del Panadés,ES
Ayegui,ES
Pals,ES
Dos Torres,ES
Rodeiro,ES
Pina de Ebro,ES
Agullent,ES
San Pedro de Riudevitlles,ES
Almudébar,ES
Portillo,ES
Carcabuey,ES
Almedinilla,ES
Torres de Segre,ES
Grijota,ES
La Garrovilla,ES
Rafelguaraf,ES
Toén,ES
El Palmar de Troya,ES
Alfajarín,ES
Falces,ES
Berlanga,ES
El Barco de Ávila,ES
Balazote,ES
El Cerro de Andévalo,ES
Monterrubio de la Serena,ES
Abadín,ES
San Quintín de Mediona,ES
Las Mesas,ES
Purullena,ES
Golada,ES
Frades,ES
Murguía,ES
Castellón de Rugat,ES
Llubí,ES
Camprodón,ES
Idiazábal,ES
Benisanó,ES
La Victoria,ES
Avinyó,ES
Arroyo del Ojanco,ES
Arguedas,ES
Escacena del Campo,ES
Guaro,ES
Alcaucín,ES
Mequinenza,ES
Santa Eugenia de Berga,ES
Cervera de Pisuerga,ES
Medellín,ES
Benimodo,ES
Folgarolas,ES
Ossa de Montiel,ES
Alpera,ES
Jabugo,ES
Bellvís,ES
Benamaurel,ES
Sober,ES
Ajofrín,ES
Torremegía,ES
Pont de Suert,ES
Viso del Marqués,ES
Encinas Reales,ES
Valverde del Fresno,ES
Irurzun,ES
María de la Salud,ES
Oria,ES
Puebla de Don Fadrique,ES
Bellvey,ES
Albatarrech,ES
La Puerta de Segura,ES
Orba,ES
Carrizo de la Ribera,ES
Chucena,ES
Boborás,ES
Aviá,ES
Siles,ES
Higuera la Real,ES
Benifairó de Les Valls,ES
La Guardia,ES
Villarrasa,ES
La Granada,ES
Riudarenas,ES
Puntagorda,ES
Cuatretonda,ES
Minglanilla,ES
Jeresa,ES
Villafranca del Cid,ES
Buñuel,ES
La Pobla de Claramunt,ES
Benasque,ES
Torregrosa,ES
Valdefresno,ES
Palau de Anglesola,ES
La Coronada,ES
Beniarbeig,ES
Puente de Génave,ES
San Quírico de Besora,ES
Sort,ES
Tapia de Casariego,ES
San Juan,ES
Penagos,ES
La Pueblanueva,ES
Bagá,ES
Lorenzana,ES
Carballedo,ES
El Bosque,ES
Tolox,ES
Cabezuela del Valle,ES
Santo Tomé,ES
El Hoyo de Pinares,ES
Arbeca,ES
Larraga,ES
Zafarraya,ES
Manzanilla,ES
Torre del Bierzo,ES
El Bruch,ES
Montejicar,ES
Arnuero,ES
Villar del Rey,ES
Anzuola,ES
Santovenia de Valdoncina,ES
Luzmela,ES
Dílar,ES
San Pedro Pescador,ES
Ullastrell,ES
Cea,ES
Cenicero,ES
Anoeta,ES
Fitero,ES
Yátova,ES
Riudellots de la Selva,ES
Piedralaves,ES
Valderrubio,ES
Viana de Cega,ES
Villanueva de la Vera,ES
Alozaina,ES
La Codosera,ES
San Vicente de Torelló,ES
Borjas del Campo,ES
San Leonardo de Yagüe,ES
Los Navalucillos,ES
Cadreita,ES
Ezcaray,ES
Puigpuñent,ES
Vega de Espinareda,ES
Aldeanueva de la Vera,ES
Montealegre del Castillo,ES
Cenicientos,ES
Larrabezúa,ES
Aguadulce,ES
La Albuera,ES
Carrión de los Condes,ES
Cuadros,ES
Serón,ES
Campos del Río,ES
Fuente la Higuera,ES
Navaconcejo,ES
El Campillo,ES
Santa Olalla del Cala,ES
Villanueva de Mesía,ES
Castril,ES
Navaluenga,ES
Jabalquinto,ES
Beniparrell,ES
Puebla de Trives,ES
Grazalema,ES
Valldemosa,ES
El Pedroso,ES
Maella,ES
Obejo,ES
Cogollos Vega,ES
El Vellón,ES
Garrovillas,ES
Jacarilla,ES
Sierra de Fuentes,ES
Bareyo,ES
Crecente,ES
Valdeganga,ES
Nogueira de Ramuin,ES
Salas de los Infantes,ES
Fiñana,ES
Viñuela,ES
Granja de Torrehermosa,ES
Mendaro,ES
Ontur,ES
Nava del Rey,ES
Albalate del Arzobispo,ES
Logrosán,ES
Benferri,ES
Daroca,ES
Cálig,ES
Valencia del Ventoso,ES
Boimorto,ES
Artana,ES
Navalcán,ES
Fuensaldaña,ES
San Mateo,ES
La Sellera de Ter,ES
Quinto,ES
Almargen,ES
Serós,ES
Monturque,ES
Las Arenas,ES
Castellví de Rosanés,ES
Noalejo,ES
Limpias,ES
Barlovento,ES
Higuera de Vargas,ES
Herrera de Pisuerga,ES
La Merca,ES
Monfero,ES
Vallfogona de Balaguer,ES
Batea,ES
Barraco,ES
Paredes de Nava,ES
Muros de Nalón,ES
Tejeda,ES
Huétor Santillán,ES
La Iruela,ES
Vélez Blanco,ES
Selaya,ES
Guadahortuna,ES
Belmonte,ES
Castellar de Santiago,ES
Siruela,ES
Olza,ES
Santa Marina del Rey,ES
Villagonzalo-Pedernales,ES
Alange,ES
Las Presas,ES
Coirós,ES
Irura,ES
Villamarín,ES
Segura de León,ES
Mundaca,ES
Cortes de Baza,ES
Oliana,ES
Olesa de Bonesvalls,ES
Puebla de Obando,ES
Ablaña de Arriba,ES
Aranga,ES
Fuentealbilla,ES
Villafamés,ES
Olocau,ES
Guadalupe,ES
Cárcer,ES
Villaturiel,ES
Almáchar,ES
El Carpio de Tajo,ES
Boñar,ES
Canena,ES
Toral de los Vados,ES
Almoharín,ES
Fuenlabrada de los Montes,ES
Villaralbo,ES
La Peroja,ES
San Justo de la Vega,ES
Cuevas de Vinromá,ES
Brozas,ES
Segura de la Sierra,ES
Piedrahita,ES
Villardevós,ES
Arciniega,ES
Zarza de Granadilla,ES
Barrax,ES
Zaidín,ES
Burgo,ES
Orcera,ES
Híjar,ES
Riola,ES
Chillón,ES
Villahermosa,ES
Argoños,ES
Almonaster la Real,ES
Colmenar del Arroyo,ES
Guadamur,ES
Alforja,ES
Germade,ES
Cabra del Santo Cristo,ES
Belorado,ES
Socovos,ES
Aliseda,ES
Hermigua,ES
Vallmoll,ES
Cubillos del Sil,ES
Beniarjó,ES
Ateca,ES
Sosés,ES
Ribas de Fresser,ES
Almayate Bajo,ES
Camuñas,ES
Fuencaliente de la Palma,ES
Campillo de Arenas,ES
Usagre,ES
Cumbres Mayores,ES
Meira,ES
Lerín,ES
Cuevas del Campo,ES
Mansilla de las Mulas,ES
El Toboso,ES
Paradela,ES
Grañén,ES
Avión,ES
Villalobón,ES
Zarzalejo,ES
Daya Nueva,ES
Moraleja del Vino,ES
Ador,ES
Garafía,ES
Sobrado,ES
El Gastor,ES
Almaraz,ES
Oliva de Mérida,ES
Polopos,ES
Arquillos,ES
Salvaleón,ES
Oimbra,ES
El Casar de Escalona,ES
Madrigalejo,ES
Palma de Gandía,ES
La Secuita,ES
Alanís,ES
Rosal de la Frontera,ES
Ataun,ES
Pinofranqueado,ES
Benejama,ES
Montizón,ES
Montrás,ES
Canillas de Aceituno,ES
Bimenes,ES
Lovios,ES
Padrenda,ES
La Torre de Esteban Hambrán,ES
Montánchez,ES
Gatica,ES
Arenas de Iguña,ES
Purchena,ES
Tibi,ES
Alcaudete de la Jaya,ES
Alconchel,ES
Agudo,ES
Torreorgaz,ES
Cuartell,ES
Espinosa de los Monteros,ES
Santiurde de Toranzo,ES
Ascó,ES
Covaleda,ES
Aviñonet de Puig Ventós,ES
Santa Eugenia,ES
Zaldivia,ES
Montaberner,ES
Darro,ES
Cañete la Real,ES
Valdestillas,ES
Puebla del Brollón,ES
Zarátamo,ES
Aldea del Rey,ES
Castropodame,ES
Araya,ES
Pol,ES
Salinas,ES
Cabeza la Vaca,ES
Tivisa,ES
Cañamero,ES
Pola de Allande,ES
Santa Pau,ES
Masalavés,ES
La Alberca de Záncara,ES
Salvatierra de los Barros,ES
Quintanar de la Sierra,ES
Cilleros,ES
Fornelos de Montes,ES
Cuevas del Becerro,ES
Pozohondo,ES
Villanueva de Perales,ES
Barruera,ES
Corcubión,ES
Brea de Aragón,ES
Gaucín,ES
Caserras,ES
Fuentesaúco,ES
Barcheta,ES
Valderas,ES
Baños de Río Tobía,ES
Frailes,ES
Hazas de Cesto,ES
Lecumberri,ES
Viver,ES
Alfarp,ES
Lumbrales,ES
Bélmez de la Moraleda,ES
Sayalonga,ES
Asteasu,ES
Albesa,ES
Madrigal de la Vera,ES
Villalón de Campos,ES
Guadalcázar,ES
Jérica,ES
Benifairó de Valldigna,ES
Benirredrá,ES
La Plaza,ES
gualba de Dalt,ES
Melgar de Fernamental,ES
Ledesma,ES
Entrena,ES
Santiso,ES
Las Navas de la Concepción,ES
Sarreal,ES
Ibars de Urgel,ES
Benamargosa,ES
Artesa de Lérida,ES
Belvis de la Jara,ES
Cruz de Incio,ES
Chelva,ES
Añora,ES
Mancor del Valle,ES
Torija,ES
Laujar de Andarax,ES
Soto de la Vega,ES
Belchite,ES
Beiro,ES
Cegama,ES
Benavent de Lérida,ES
Garrafe de Torío,ES
Mora de Rubielos,ES
Navalafuente,ES
Guijo de Galisteo,ES
Molledo,ES
Serradilla,ES
Rábade,ES
Bande,ES
Alquería de la Condesa,ES
Segura,ES
Istán,ES
El Real de la Jara,ES
Baños de Molgas,ES
Pulgar,ES
Pinos Genil,ES
Olazagutía,ES
Chirivel,ES
Labastida,ES
Piornal,ES
Boal,ES
Pedroche,ES
Mayorga,ES
Sallent de Gállego,ES
Gurrea de Gállego,ES
Minaya,ES
Villalba de los Barros,ES
Cardeña,ES
Alcaracejos,ES
Fontcuberta,ES
El Castillo de las Guardas,ES
Muiños,ES
Palenciana,ES
Cádiar,ES
Corbíns,ES
Riós,ES
Esparragalejo,ES
Villanueva de Tapia,ES
Fonollosa,ES
Puente de Domingo Flórez,ES
Villalpando,ES
Campo de Caso,ES
Palau-Sabardera,ES
Soneja,ES
La Roca de la Sierra,ES
Arcos de Jalón,ES
Benaoján,ES
Rioja,ES
Bóveda,ES
Lubrín,ES
Villanueva del Duque,ES
Casas de Don Pedro,ES
Congosto,ES
Torres de Berrellén,ES
Alfamén,ES
Estivella,ES
Lloret de Vista Alegre,ES
San Felíu de Pallarols,ES
Casavieja,ES
Llivia,ES
Algar,ES
Navata,ES
Villalbilla de Burgos,ES
Legorreta,ES
Taboadela,ES
Gata,ES
Puertomarín,ES
Alcántara,ES
Chilluévar,ES
Ibeas de Juarros,ES
Madrigal de las Altas Torres,ES
Peñas de San Pedro,ES
Peraleda de la Mata,ES
Alcolea de Calatrava,ES
Miralcamp,ES
Santa Eulalia de Ríuprimer,ES
Galaroza,ES
Ahigal,ES
Alaejos,ES
El Ronquillo,ES
Trujillanos,ES
Albudeite,ES
Junquera de Ambía,ES
Torres,ES
Cuevas Bajas,ES
Jadraque,ES
Cardeñadijo,ES
San Cristóbal de Entreviñas,ES
Traiguera,ES
Busto de Treviño,ES
Mahora,ES
Montemolín,ES
Termens,ES
Puebla de Sanabria,ES
Rafelcofer,ES
Fuerte del Rey,ES
Lagartera,ES
Villar de Rena,ES
Cabanillas,ES
Abenójar,ES
Puigvert de Lérida,ES
Villoría,ES
Casatejada,ES
Facinas,ES
Campillo de Llerena,ES
San Acisclo de Vallalta,ES
Alcántara de Júcar,ES
Almoster,ES
Riópar,ES
Cantimpalos,ES
Castrelo de Miño,ES
Irijoa,ES
Potes,ES
Carchel,ES
Lezuza,ES
Comares,ES
Costitx,ES
Torrente de Cinca,ES
La Parra,ES
Algueña,ES
Casas de Juan Núñez,ES
Bolbaite,ES
Alcaraz,ES
Majadas,ES
Castilléjar,ES
Mañón,ES
Lucena del Cid,ES
Encinasola,ES
Almadén de la Plata,ES
Alcalalí,ES
Colomera,ES
Macastre,ES
Almoguera,ES
Lumbier,ES
Montiel,ES
San Román,ES
Villapresente,ES
Rótova,ES
Higuera de la Sierra,ES
Tous,ES
La Fuente de San Esteban,ES
Villar de Barrio,ES
Sartaguda,ES
La Caña,ES
Melón,ES
Navas del Madroño,ES
Vilarrodona,ES
Pla del Panadés,ES
Lacunza,ES
Vall de Vianya,ES
Carballeda de Avia,ES
Matallana de Torío,ES
Perafort,ES
Loranca de Tajuña,ES
Trasmiras,ES
Figueruelas,ES
Mirandilla,ES
Iza,ES
Jerte,ES
Ormáiztegui,ES
Mas de las Matas,ES
Páramo del Sil,ES
Sariego,ES
Algámitas,ES
Ricote,ES
Nuñomoral,ES
Moclinejo,ES
Berriatúa,ES
Chimeneas,ES
La Fuliola,ES
Abla,ES
Torre de Miguel Sesmero,ES
Samos,ES
Ceánuri Alto,ES
Montalbán,ES
Hondón de los Frailes,ES
Almendral,ES
Coripe,ES
Llers,ES
Torá de Riubregós,ES
Rueda,ES
La Gudiña,ES
Ríotorto,ES
Villagonzalo,ES
Campredó,ES
Velilla del Río Carrión,ES
María,ES
Alborache,ES
Campotéjar,ES
San Martín de Tous,ES
Rairiz de Veiga,ES
Albocácer,ES
El Puente del Arzobispo,ES
Barrio de Jarana,ES
Laza,ES
Capela,ES
Villatuerta,ES
Alfarrasi,ES
La Haba,ES
Puebla Tornesa,ES
Puebla de Alcocer,ES
Vilasantar,ES
Villarmayor,ES
Aldeadávila de la Ribera,ES
Albalat de Taronchers,ES
San Antolín,ES
Baltanás,ES
Castro Caldelas,ES
Olost,ES
Ríolobos,ES
Valdepolo,ES
Bellcaire de Urgel,ES
Zarza la Mayor,ES
Sandianes,ES
Camporrobles,ES
Venta del Moro,ES
Cenizate,ES
Alcalá del Júcar,ES
Corte de Peleas,ES
Riudecols,ES
Villanueva de Duero,ES
Canjáyar,ES
Carrizosa,ES
Bárzana,ES
Moeche,ES
Nigüelas,ES
Orce,ES
Vilanova de Bellpuig,ES
Piñor,ES
Abrucena,ES
Ayllón,ES
Caminomorisco,ES
Burgohondo,ES
Villayón,ES
Valdetorres,ES
Nerpio,ES
Ullá,ES
Arenas,ES
Alcolea de Cinca,ES
Medina de las Torres,ES
Cabra del Campo,ES
Mallavia,ES
Cheles,ES
Valle de la Serena,ES
San Pedro,ES
Huéneja,ES
Verges,ES
Lapeza,ES
Fermoselle,ES
Ribesalbes,ES
Puigpelat,ES
Villadangos del Páramo,ES
Adzaneta de Albaida,ES
Paymogo,ES
Puebla de Don Rodrigo,ES
Vilamalla,ES
Sesma,ES
Cala,ES
Siete Aguas,ES
Antella,ES
Montesa,ES
Cherta,ES
Pradoluengo,ES
Liétor,ES
Relleu,ES
Sarrión,ES
Fuente Carreteros,ES
Horta de San Juan,ES
Leciñena,ES
Sarreaus,ES
Valle de Santa Ana,ES
Benabarre,ES
Benisanet,ES
El Pedernoso,ES
Valdefuentes,ES
Pedro Martínez,ES
Tuéjar,ES
Cardeñajimeno,ES
Sobradiel,ES
Higueruela,ES
Señera,ES
Elgueta,ES
Llaurí,ES
Bustillo del Páramo,ES
Montillana,ES
Villamanrique,ES
Los Arcos,ES
Trabada,ES
La Pedraja de Portillo,ES
Bitem,ES
Sabero,ES
Cofrentes,ES
Igüeña,ES
Sástago,ES
Valenzuela,ES
Villaralto,ES
Rotglá y Corbera,ES
Corral de Calatrava,ES
Vilajuiga,ES
Bosost,ES
Feria,ES
Magallón,ES
Traspinedo,ES
Agulo,ES
Ribarroja de Ebro,ES
Arbizu,ES
San Carlos del Valle,ES
Entrimo,ES
Fabara,ES
Vegasdel Condado,ES
San Asensio,ES
Albaladejo,ES
Sinarcas,ES
Cárcar,ES
Serrada,ES
Esgos,ES
Piñar,ES
Casalarreina,ES
Villagordo del Júcar,ES
Villamañán,ES
Cenlle,ES
Ariza,ES
Beniarrés,ES
Albalate de Cinca,ES
Sorihuela del Guadalimar,ES
Tornavacas,ES
Sumacárcel,ES
Agoncillo,ES
Mendigorría,ES
Monteagudo,ES
La Pobla de Lillet,ES
Pola de Somiedo,ES
Villanueva de San Juan,ES
Villanueva de la Barca,ES
Duruelo de la Sierra,ES
Búger,ES
Cerdido,ES
Carcaboso,ES
Casar de Palomero,ES
Somozas,ES
Gérgal,ES
Benidoleig,ES
Torremocha de Jarama,ES
Berástegui,ES
Remolinos,ES
Santa Cristina de la Polvorosa,ES
Dozón,ES
Masdenverge,ES
La Alberca,ES
Galera,ES
Cortegada,ES
Torrecillas de la Tiesa,ES
Escatrón,ES
Morata de Jalón,ES
Alfarnate,ES
Alcañices,ES
Valdecaballeros,ES
Port-Bou,ES
Benasal,ES
Navia de Suarna,ES
Ventas con Peña Aguilera,ES
Vedia-Elejalde,ES
Laguna de Negrillos,ES
Potríes,ES
Campaspero,ES
La Seca,ES
Nalda,ES
Santa Eulalia,ES
Benalúa de las Villas,ES
Algimia de Alfara,ES
Villabrágima,ES
El Robledo,ES
San Amaro,ES
Ayerbe,ES
Jayena,ES
Santa Eulalia,ES
Benlloch,ES
Llanera de Ranes,ES
Viladrau,ES
Valverde de Mérida,ES
Santa Elena de Jamuz,ES
Solórzano,ES
Calders,ES
Folgoso de la Ribera,ES
Boltaña,ES
Coreses,ES
Santa Bárbara de Casa,ES
Gabarda,ES
Torrecampo,ES
Hortaleza,ES
Arróniz,ES
Ademuz,ES
Nívar,ES
Bodonal de la Sierra,ES
Cañaveral,ES
Partaloa,ES
Matapozuelos,ES
Castañar de Ibor,ES
Aledo,ES
Montesquíu,ES
Bonete,ES
Quintanilla de Onésimo,ES
Cuart de les Valls,ES
Santa María de Oló,ES
Illas,ES
Fortaleny,ES
Macotera,ES
Palmera,ES
La Pesga,ES
Villanueva del Rey,ES
La Mezquita,ES
San José,ES
Alhama de Aragón,ES
Albanchez de Úbeda,ES
Otívar,ES
Arenas de San Juan,ES
Ruente,ES
San Cugat Sasgarrigas,ES
Pinell de Bray,ES
Bermillo de Sayago,ES
Albarracín,ES
Santibáñez de la Peña,ES
Elciego,ES
Báscara,ES
Ourense,ES
Palencia,ES
Lleida,ES
Segovia,ES
Ciudad Real,ES
Soria,ES
Rome,IT
Milan,IT
Naples,IT
Turin,IT
Palermo,IT
Genoa,IT
Bologna,IT
Florence,IT
Bari,IT
Catania,IT
Venice,IT
Verona,IT
Messina,IT
Padova,IT
Trieste,IT
Taranto,IT
Brescia,IT
Parma,IT
Prato,IT
Modena,IT
Reggio di Calabria,IT
Reggio Emilia,IT
Perugia,IT
Ravenna,IT
Livorno,IT
Cagliari,IT
Foggia,IT
Rimini,IT
Salerno,IT
Ferrara,IT
Latina,IT
Giugliano in Campania,IT
Monza,IT
Siracusa,IT
Bergamo,IT
Pescara,IT
Trento,IT
Forlì,IT
Sassari,IT
Vicenza,IT
Terni,IT
Bolzano,IT
Novara,IT
Piacenza,IT
Ancona,IT
Andria,IT
Udine,IT
Arezzo,IT
Cesena,IT
Lecce,IT
Pesaro,IT
Barletta,IT
Alessandria,IT
La Spezia,IT
Pistoia,IT
Pisa,IT
Catanzaro,IT
Mestre,IT
Lucca,IT
Brindisi,IT
Torre del Greco,IT
Treviso,IT
Busto Arsizio,IT
Como,IT
Marsala,IT
Grosseto,IT
Sesto San Giovanni,IT
Pozzuoli,IT
Varese,IT
Fiumicino,IT
Casoria,IT
Asti,IT
Cinisello Balsamo,IT
Caserta,IT
Gela,IT
Ragusa,IT
Pavia,IT
Cremona,IT
Carpi,IT
Quartu Sant’Elena,IT
Altamura,IT
Imola,IT
L’Aquila,IT
Massa,IT
Trapani,IT
Viterbo,IT
Cosenza,IT
Potenza,IT
Castellammare di Stabia,IT
Afragola,IT
Vittoria,IT
Crotone,IT
Pomezia,IT
Vigevano,IT
Carrara,IT
Caltanissetta,IT
Viareggio,IT
Benevento,IT
Fano,IT
Savona,IT
Matera,IT
Olbia,IT
Legnano,IT
Acerra,IT
Marano di Napoli,IT
Molfetta,IT
Agrigento,IT
Faenza,IT
Cerignola,IT
Moncalieri,IT
Foligno,IT
Manfredonia,IT
Tivoli,IT
Cuneo,IT
Trani,IT
Bisceglie,IT
Bitonto,IT
Bagheria,IT
Portici,IT
Modica,IT
San Remo,IT
Teramo,IT
Montesilvano,IT
Avellino,IT
Siena,IT
Gallarate,IT
Velletri,IT
Cava de’ Tirreni,IT
San Severo,IT
Aversa,IT
Ercolano,IT
Anzio,IT
Acireale,IT
Civitavecchia,IT
Mazara del Vallo,IT
Rovigo,IT
Pordenone,IT
Battipaglia,IT
Rho,IT
Chieti,IT
Scafati,IT
Scandicci,IT
Misterbianco,IT
Nettuno,IT
Ardea,IT
Collegno,IT
Chioggia,IT
Mantova,IT
Campobasso,IT
Casalnuovo di Napoli,IT
Sesto Fiorentino,IT
Monopoli,IT
Martina Franca,IT
Ascoli Piceno,IT
Rivoli,IT
Empoli,IT
Corato,IT
Lecco,IT
Paterno,IT
Nichelino,IT
Cologno Monzese,IT
Rieti,IT
San Benedetto del Tronto,IT
Settimo Torinese,IT
Paderno Dugnano,IT
Campi Bisenzio,IT
Terracina,IT
Vercelli,IT
Capannori,IT
Frosinone,IT
Nocera Inferiore,IT
Lissone,IT
Alcamo,IT
Lodi,IT
Cascina,IT
Seregno,IT
San Giorgio a Cremano,IT
Senigallia,IT
Marino,IT
Biella,IT
Alghero,IT
Gravina in Puglia,IT
Bassano del Grappa,IT
Rozzano,IT
Torre Annunziata,IT
Civitanova Marche,IT
Imperia,IT
Avezzano,IT
Desio,IT
San Donà di Piave,IT
Macerata,IT
Ladispoli,IT
Barcellona-Pozzo di Gotto,IT
Albano Laziale,IT
Monterotondo,IT
Sassuolo,IT
Sciacca,IT
Merano,IT
Corigliano Calabro,IT
Iesi,IT
Eboli,IT
Cantù,IT
Rovereto,IT
Pomigliano d’Arco,IT
Marcianise,IT
Fondi,IT
Fasano,IT
Città di Castello,IT
Saronno,IT
Voghera,IT
Schio,IT
Monreale,IT
Maddaloni,IT
Carini,IT
Ciampino,IT
Cesano Maderno,IT
Mira,IT
Modugno,IT
San Giuliano Milanese,IT
Caltagirone,IT
Formia,IT
Cerveteri,IT
Spoleto,IT
Melito di Napoli,IT
Caivano,IT
Grugliasco,IT
Fermo,IT
Licata,IT
Cisterna di Latina,IT
Chieri,IT
Pioltello,IT
Rossano,IT
Nuoro,IT
Cassino,IT
Bollate,IT
Casalecchio di Reno,IT
Francavilla Fontana,IT
Pinerolo,IT
Augusta,IT
Rende,IT
Canicattì,IT
Belluno,IT
Adrano,IT
Cento,IT
Segrate,IT
Limbiate,IT
Conegliano,IT
Osimo,IT
Riccione Marina,IT
Lanciano,IT
Mugnano di Napoli,IT
Somma Vesuviana,IT
Brugherio,IT
Corsico,IT
Gorizia,IT
Formigine,IT
Cernusco sul Naviglio,IT
Crema,IT
Arzano,IT
Angri,IT
Aosta,IT
Casale Monferrato,IT
Sant’Antimo,IT
Piombino,IT
Vibo Valentia,IT
Termoli,IT
Venaria Reale,IT
Castelfranco Veneto,IT
Villafranca di Verona,IT
Lucera,IT
Castelfranco Emilia,IT
Santa Maria Capua Vetere,IT
Massafra,IT
Abbiategrasso,IT
San Donato Milanese,IT
San Lazzaro di Savena,IT
Camaiore,IT
Favara,IT
Mascalucia,IT
Grottaglie,IT
Frattamaggiore,IT
Partinico,IT
Gubbio,IT
Oristano,IT
Sarno,IT
San Giuseppe Vesuviano,IT
Castelvetrano,IT
Alba,IT
San Giuliano Terme,IT
Nardò,IT
Avola,IT
Montebelluna,IT
Milazzo,IT
Villaricca,IT
Ostuni,IT
Manduria,IT
Rosignano Marittimo,IT
Fabriano,IT
Verbania,IT
Marigliano,IT
Canosa di Puglia,IT
Comiso,IT
Treviglio,IT
Rapallo,IT
Bra,IT
Aci Catena,IT
Misilmeri,IT
Pontedera,IT
Poggibonsi,IT
Selargius,IT
Desenzano del Garda,IT
Carmagnola,IT
Gragnano,IT
Mondragone,IT
Alatri,IT
Cervia,IT
Vittorio Veneto,IT
Assisi,IT
Carbonia,IT
Novi Ligure,IT
San Giovanni in Persiceto,IT
Belpasso,IT
Cecina,IT
San Miniato,IT
Boscoreale,IT
Spinea,IT
Mogliano Veneto,IT
Parabiago,IT
Sant’Anastasia,IT
Erice,IT
Gioia del Colle,IT
Giarre,IT
Chiavari,IT
Tortona,IT
Enna,IT
Triggiano,IT
San Giovanni Rotondo,IT
Mirano,IT
Garbagnate Milanese,IT
Terlizzi,IT
Scicli,IT
Niscemi,IT
Assèmini,IT
Fidenza,IT
Galatina,IT
Mesagne,IT
Iglesias,IT
Chivasso,IT
Putignano,IT
Santeramo in Colle,IT
Quarrata,IT
Bacoli,IT
Porto Sant’Elpidio,IT
Noicattaro,IT
Bresso,IT
Pontecagnano,IT
Iesolo,IT
Conversano,IT
Vimercate,IT
Albignasego,IT
Falconara Marittima,IT
Termini Imerese,IT
Valdagno,IT
Sora,IT
Cesenatico,IT
Giussano,IT
Castel Volturno,IT
Lainate,IT
Scandiano,IT
Qualiano,IT
Montichiari,IT
Correggio,IT
Francavilla al Mare,IT
Arzignano,IT
Roseto degli Abruzzi,IT
Bagno a Ripoli,IT
Mola di Bari,IT
Seriate,IT
San Giovanni Lupatoto,IT
Ruvo di Puglia,IT
Vignola,IT
Legnago,IT
Pompei,IT
Portogruaro,IT
Mariano Comense,IT
Sezze,IT
Montevarchi,IT
Fossano,IT
Nocera Superiore,IT
Thiene,IT
Sulmona,IT
Copertino,IT
Ventimiglia,IT
Albenga,IT
Noto,IT
Biancavilla,IT
Magenta,IT
Genzano di Roma,IT
Giulianova,IT
Ottaviano,IT
Pietrasanta,IT
Mirandola,IT
Capoterra,IT
Muggiò,IT
Castiglione delle Stiviere,IT
Lentini,IT
Dalmine,IT
Meda,IT
Seveso,IT
Ivrea,IT
San Giovanni la Punta,IT
Ceccano,IT
Orbassano,IT
Nova Milanese,IT
Montecchio Maggiore,IT
Fucecchio,IT
Mentana,IT
Ortona,IT
Vigonza,IT
Selvazzano Dentro,IT
Floridia,IT
Palma di Montechiaro,IT
Cardito,IT
San Cataldo,IT
Frascati,IT
Ariano Irpino,IT
Mondovì,IT
Massarosa,IT
Ginosa,IT
Porto Torres,IT
Mercato San Severino,IT
Pachino,IT
Comacchio,IT
Sant’Arcangelo di Romagna,IT
Sarzana,IT
Cortona,IT
Castrovillari,IT
Bressanone,IT
Poggiomarino,IT
Paese,IT
Agropoli,IT
Palestrina,IT
Piazza Armerina,IT
Borgomanero,IT
Isernia,IT
Colle di Val d’Elsa,IT
Sondrio,IT
Savigliano,IT
Argenta,IT
Martellago,IT
Senago,IT
Palo del Colle,IT
Casal di Principe,IT
Corciano,IT
Anagni,IT
San Bonifacio,IT
Colleferro,IT
Pergine Valsugana,IT
Follonica,IT
Sessa Aurunca,IT
Rosolini,IT
Recanati,IT
Suzzara,IT
Monsummano,IT
Ferentino,IT
Sestu,IT
Trezzano sul Naviglio,IT
Vico Equense,IT
Castel San Pietro Terme,IT
Feltre,IT
Pontassieve,IT
Acquaviva delle Fonti,IT
Trecate,IT
Gallipoli,IT
Gaeta,IT
Montecatini Terme,IT
Sabaudia,IT
Cornaredo,IT
Gorgonzola,IT
Romano di Lombardia,IT
Oderzo,IT
Grottaferrata,IT
Acri,IT
Veroli,IT
Giovinazzo,IT
Lastra a Signa,IT
Orvieto,IT
Montalto Uffugo,IT
Rivalta di Torino,IT
San Salvo,IT
Cittadella,IT
Bussolengo,IT
Ischia,IT
Abano Terme,IT
Gioia Tauro,IT
Casarano,IT
Villabate,IT
Viadana,IT
Pallazzolo sull’Oglio,IT
Cormano,IT
Novate Milanese,IT
Sacile,IT
Piove di Sacco,IT
Trentola,IT
Ceglie Messapico,IT
Minturno,IT
Casamassima,IT
Monserrato,IT
Salsomaggiore Terme,IT
Sant’Antonio Abate,IT
Acqui Terme,IT
Pescia,IT
Castellana Grotte,IT
Pozzallo,IT
Adria,IT
Anguillara Sabazia,IT
Tolentino,IT
Spoltore,IT
Arese,IT
Narni,IT
Casalgrande,IT
Rovato,IT
Bracciano,IT
Noci,IT
San Vito dei Normanni,IT
Cassano d’Adda,IT
San Mauro Torinese,IT
Bronte,IT
Chiari,IT
Zola Predosa,IT
Santa Marinella,IT
Signa,IT
Tradate,IT
Ariccia,IT
Scorzè,IT
Ribera,IT
Valenza,IT
Cusano Milanino,IT
Montemurlo,IT
Ghedi,IT
Marsciano,IT
Ciriè,IT
Palmi,IT
Castelfidardo,IT
Rutigliano,IT
Terzigno,IT
Aci Castello,IT
Melzo,IT
Budrio,IT
Borgo San Lorenzo,IT
Castel Maggiore,IT
Sestri Levante,IT
Piossasco,IT
Corbetta,IT
Capua,IT
Cassano al Ionio,IT
Domodossola,IT
Siderno Marina,IT
Palma Campania,IT
Cordenons,IT
Melegnano,IT
Aci Sant’Antonio,IT
Valguarnera Caropepe,IT
Polignano a Mare,IT
Cercola,IT
Laives,IT
Carate Brianza,IT
Valenzano,IT
Grumo Nevano,IT
Zagarolo,IT
Somma Lombardo,IT
Arcore,IT
Calenzano,IT
Albino,IT
Villorba,IT
Melfi,IT
Beinasco,IT
Forio,IT
Isola Capo Rizzuto,IT
Agliana,IT
Santa Maria di Sala,IT
Savignano sul Rubicone,IT
Carlentini,IT
Arco,IT
Sona,IT
Policoro,IT
Orta Nova,IT
Pisticci,IT
Maranello,IT
Monselice,IT
Sìnnai,IT
Tricase,IT
Pianoro,IT
Marcon,IT
Pavullo nel Frignano,IT
Bareggio,IT
Castelfiorentino,IT
Pescantina,IT
Rocca di Papa,IT
Cattolica,IT
Nerviano,IT
San Casciano in Val di Pesa,IT
Campagna,IT
Sant’Elpidio a Mare,IT
Carovigno,IT
Fiorano Modenese,IT
Negrar,IT
Torre Maggiore,IT
Castellaneta,IT
San Giovanni in Fiore,IT
Baronissi,IT
Vimodrone,IT
Adelfia,IT
Saluzzo,IT
Preganziol,IT
Bovisio Masciago,IT
Scordia,IT
San Giovanni Valdarno,IT
Alpignano,IT
Malnate,IT
Vedelago,IT
Bagnacavallo,IT
Medicina,IT
Giaveno,IT
Porto Empedocle,IT
Colle Salvetti,IT
Gussago,IT
Palagonia,IT
Monesiglio,IT
Todi,IT
Brunico,IT
Reggello,IT
Umbertide,IT
Cerea,IT
Lonigo,IT
Rubano,IT
Sorrento,IT
Leinì,IT
Brusciano,IT
Este,IT
Ispica,IT
Copparo,IT
Tarquinia,IT
Civita Castellana,IT
Caravaggio,IT
Saviano,IT
Cadoneghe,IT
Grottammare,IT
Codroipo,IT
Frattaminore,IT
Palagiano,IT
Bovolone,IT
Sava,IT
Valmontone,IT
Porto San Giorgio,IT
Certaldo,IT
Samarate,IT
Noale,IT
Martinsicuro,IT
Nonantola,IT
Codogno,IT
Lentate sul Seveso,IT
Sansepolcro,IT
Mottola,IT
Potenza Picena,IT
Azzano Decimo,IT
Paola,IT
Silvi Paese,IT
Fiano Romano,IT
Galliate,IT
Capurso,IT
Concorezzo,IT
Molinella,IT
Finale Emilia,IT
Besana in Brianza,IT
Altopascio,IT
San Cesareo,IT
Galatone,IT
Agrate Brianza,IT
Ponsacco,IT
Taurianova,IT
Carugate,IT
San Martino Buon Albergo,IT
Castiglione del Lago,IT
Volpiano,IT
Casalmaggiore,IT
Valeggio sul Mincio,IT
Castenaso,IT
Mortara,IT
Corridonia,IT
Castellarano,IT
Pianezza,IT
Soliera,IT
Omegna,IT
Casalpusterlengo,IT
Fiorenzuola d’Arda,IT
Sannicandro Garganico,IT
Cerro Maggiore,IT
Castellammare del Golfo,IT
Laterza,IT
Surbo,IT
San Giorgio Ionico,IT
San Vito al Tagliamento,IT
Zevio,IT
Castelnuovo Rangone,IT
Città Sant’Angelo,IT
Guastalla,IT
Dolo,IT
Gualdo Tadino,IT
Pineto,IT
Pontinia,IT
Sasso Marconi,IT
Merate,IT
Malo,IT
Rubiera,IT
Sorso,IT
Magione,IT
Sommacampagna,IT
Cirò Marina,IT
Rosarno,IT
Cassano delle Murge,IT
Orbetello,IT
Chiaravalle,IT
Ospitaletto,IT
Campodarsego,IT
Carmignano,IT
Vinci,IT
Trinitapoli,IT
Collecchio,IT
Cossato,IT
Santa Croce sull’ Arno,IT
Riposto,IT
Impruneta,IT
Pedara,IT
Sant’Arpino,IT
Roncade,IT
Urbino,IT
Trepuzzi,IT
Rosà,IT
Luino,IT
Latiano,IT
Priverno,IT
Castellanza,IT
Leno,IT
Mascali,IT
Cefalù,IT
Taglio,IT
Massalubrense,IT
Mondolfo,IT
Montelupo Fiorentino,IT
Bondeno,IT
Maglie,IT
Locorotondo,IT
Rescaldina,IT
Solaro,IT
Fiesole,IT
Leverano,IT
Oleggio,IT
Casandrino,IT
Artena,IT
Tempio Pausania,IT
Marostica,IT
Squinzano,IT
Vetralla,IT
Villacidro,IT
Santa Maria a Vico,IT
Taggia,IT
Montepulciano,IT
Amantea,IT
Villasanta,IT
Fisciano,IT
Arona,IT
Caselle Torinese,IT
Veglie,IT
Vieste,IT
Travagliato,IT
Monteroni di Lecce,IT
Fara in Sabina,IT
Cervignano del Friuli,IT
Calolziocorte,IT
Opera,IT
Busto Garolfo,IT
Cassina de’ Pecchi,IT
San Ferdinando di Puglia,IT
Statte,IT
Dueville,IT
Cavarzere,IT
Castel San Giorgio,IT
Castel San Giovanni,IT
Arzachena,IT
Novellara,IT
Crispiano,IT
Villa San Giovanni,IT
Alzano Lombardo,IT
Nicosia,IT
San Marco in Lamis,IT
Lanuvio,IT
Rezzato,IT
San Pietro Vernotico,IT
Melilli,IT
Montesarchio,IT
Crevalcore,IT
Montefiascone,IT
Montespertoli,IT
Latisana,IT
Lariano,IT
Varedo,IT
Lavello,IT
Misano Adriatico,IT
Castelfranco di Sotto,IT
Sarezzo,IT
Capo d’Orlando,IT
Forlimpopoli,IT
Grammichele,IT
Patti,IT
Rionero in Vulture,IT
Quartucciu,IT
Castiglion Fiorentino,IT
Calderara di Reno,IT
Quattro Castella,IT
Sant’Angelo Lodigiano,IT
Palombara Sabina,IT
Apricena,IT
Cairo Montenotte,IT
Castelnuovo di Verona,IT
Pontecorvo,IT
Camponogara,IT
Varazze,IT
Stezzano,IT
Múggia,IT
Manerbio,IT
Leonforte,IT
San Martino di Lupari,IT
Ficarazzi,IT
Formello,IT
Santa Maria a Monte,IT
Casatenovo,IT
Casale sul Sile,IT
Campiglia Marittima,IT
Vigodarzere,IT
Piano di Sorrento,IT
San Biagio di Callalta,IT
Seravezza,IT
Barrafranca,IT
Carpenedolo,IT
Noceto,IT
Trebaseleghe,IT
Salzano,IT
Cicciano,IT
Calcinato,IT
Chiampo,IT
Montegranaro,IT
Santo Stino di Livenza,IT
Lipari,IT
Tezze sul Brenta,IT
Cavallino,IT
Loreto,IT
Spilamberto,IT
Monte di Procida,IT
Grumo Appula,IT
Monte San Giovanni Campano,IT
Lauria Inferiore,IT
Montecorvino Rovella,IT
Monteprandone,IT
Bagnolo Mella,IT
Borgosesia,IT
Francofonte,IT
Raffadali,IT
Figline Valdarno,IT
Sala Consilina,IT
Castel Goffredo,IT
Lavagna,IT
Porto Recanati,IT
Avigliana,IT
Calcinaia,IT
Canegrate,IT
Sinalunga,IT
Rivarolo Canavese,IT
Terrasini Favarotta,IT
Fontanafredda,IT
Fagnano Olona,IT
Borgo San Dalmazzo,IT
Menfi,IT
Solofra,IT
San Severino Marche,IT
Bernalda,IT
Olgiate Olona,IT
Orzinuovi,IT
San Pietro in Casale,IT
Ugento,IT
Morbegno,IT
Sant’Agata di Militello,IT
Mercogliano,IT
Locri,IT
Pianiga,IT
Monte Sant’Angelo,IT
San Prisco,IT
Anzola dell’Emilia,IT
Russi,IT
Teano,IT
Gricignano d’Aversa,IT
Terranuova Bracciolini,IT
Lana,IT
Eraclea,IT
Cinisi,IT
Sedriano,IT
Rottofreno,IT
Gavardo,IT
Motta Sant’Anastasia,IT
Villa Literno,IT
Calvizzano,IT
Bibbiena,IT
Biassono,IT
Spilimbergo,IT
Spresiano,IT
Monte Compatri,IT
Trezzo sull’Adda,IT
Vecchiano,IT
Carmiano,IT
Rocca Priora,IT
Pieve di Soligo,IT
Camposampiero,IT
Granarolo del l’Emilia,IT
Altavilla Vicentina,IT
Bitetto,IT
Baranzate,IT
Arluno,IT
Occhiobello,IT
Cornedo Vicentino,IT
Taviano,IT
Ronchi dei Legionari,IT
Portoferraio,IT
Alfonsine,IT
Lizzanello,IT
Monteforte Irpino,IT
Borgaro Torinese,IT
San Mauro Pascoli,IT
San Gennaro Vesuviano,IT
Giffoni Valle Piana,IT
Priolo Gargallo,IT
San Gregorio di Catania,IT
Mazzarino,IT
Susegana,IT
Amelia,IT
San Michele al Tagliamento,IT
Sant’Ambrogio di Valpolicella,IT
Lonate Pozzolo,IT
Margherita di Savoia,IT
Taurisano,IT
Campobello di Mazara,IT
Tortoreto,IT
Maniago,IT
Codigoro,IT
Venosa,IT
Fiume Veneto,IT
Guspini,IT
Lendinara,IT
Serravalle Pistoiese,IT
Torri di Quartesolo,IT
Casteldaccia,IT
Stradella,IT
Olgiate Comasco,IT
Portomaggiore,IT
Finale Ligure,IT
Caorle,IT
Valmadrera,IT
Campagnano di Roma,IT
Cisternino,IT
Capaci,IT
Isola della Scala,IT
Gardone Val Trompia,IT
Siniscola,IT
Nembro,IT
Pulsano,IT
Ponte San Pietro,IT
Mestrino,IT
Isola del Liri,IT
Castenedolo,IT
Arenzano,IT
Ravanusa,IT
Musile di Piave,IT
Montegrotto Terme,IT
Matino,IT
Paullo,IT
Casièr,IT
Riesi,IT
Cave,IT
Creazzo,IT
Ovada,IT
Avigliano,IT
Zero Branco,IT
Acate,IT
Paceco,IT
Castelvetro di Modena,IT
Bitritto,IT
Caldogno,IT
Sant’Ilario d’Enza,IT
Camisano Vicentino,IT
Melito di Porto Salvo,IT
Belmonte Mezzagno,IT
La Maddalena,IT
Castano Primo,IT
Loano,IT
San Giustino,IT
Santa Flavia,IT
Venafro,IT
Piazzola sul Brenta,IT
Carbonera,IT
Cologno al Serio,IT
Cividale del Friuli,IT
Sant’Antìoco,IT
Sant’Agata de’ Goti,IT
Montopoli in Val d’Arno,IT
Sesto Calende,IT
Cerese,IT
Corleone,IT
Pellezzano,IT
Aulla,IT
Tortolì,IT
Trecastagni,IT
Scalea,IT
Cepagatti,IT
Racale,IT
Castel Mella,IT
Cerreto Guidi,IT
Montechiarugolo,IT
Atripalda,IT
Monte San Pietro,IT
Santa Croce Camerina,IT
Inzago,IT
Bertinoro,IT
San Valentino Torio,IT
Cazzago San Martino,IT
Barberino di Mugello,IT
Cameri,IT
Trofarello,IT
Cori,IT
Celano,IT
Taormina,IT
Gemona del Friuli,IT
Ramacca,IT
Botticino Sera,IT
Medesano,IT
Grezzana,IT
San Felice sul Panaro,IT
Motta di Livenza,IT
Capena,IT
Alassio,IT
Montale,IT
Randazzo,IT
Itri,IT
Trevignano,IT
Alberobello,IT
Cornate d’Adda,IT
Gambettola,IT
Cadelbosco di Sopra,IT
Campolongo Maggiore,IT
Salemi,IT
Massa Lombarda,IT
Salò,IT
Peschiera del Garda,IT
Atessa,IT
Montecchio Emilia,IT
Poirino,IT
Ozieri,IT
Martinengo,IT
Mussomeli,IT
Coriano,IT
Fiuggi,IT
Torre Santa Susanna,IT
Macerata Campania,IT
San Marzano sul Sarno,IT
Castelnovo ne’ Monti,IT
Procida,IT
Cutro,IT
Castelli Calepio,IT
Canelli,IT
Trabia,IT
Partanna,IT
Bordighera,IT
Cislago,IT
Polistena,IT
Concordia Sagittaria,IT
Valdobbiadene,IT
Badia Polesine,IT
Langhirano,IT
Rignano Flaminio,IT
Campi Salentina,IT
Nizza Monferrato,IT
Mandello del Lario,IT
San Maurizio Canavese,IT
Montignoso,IT
Usmate Velate,IT
Volterra,IT
Cittanova,IT
Induno Olona,IT
Boscotrecase,IT
Isola Vicentina,IT
Bibbiano,IT
Conselve,IT
Goito,IT
Altofonte,IT
Locate di Triulzi,IT
Volpago del Montello,IT
Terralba,IT
Bomporto,IT
Silea,IT
Vigasio,IT
Capodrise,IT
Lerici,IT
Bisignano,IT
Bagnara Calabra,IT
Sedico,IT
Cingoli,IT
Busca,IT
Novi di Modena,IT
Bucine,IT
Sermoneta,IT
Asola,IT
Vaiano,IT
San Giorgio del Sannio,IT
Sovicille,IT
Morrovalle,IT
San Felice Circeo,IT
Tolmezzo,IT
Poggio a Caiano,IT
Cetraro,IT
Bonate di Sopra,IT
Macomer,IT
Oppeano,IT
Verucchio,IT
Barano d’Ischia,IT
Melendugno,IT
Vigonovo,IT
Lizzano,IT
Meldola,IT
Castelletto sopra Ticino,IT
San Vendemiano,IT
Racconigi,IT
Castellamonte,IT
Monteriggioni,IT
Lomazzo,IT
Cavriago,IT
Gambolò,IT
Quinto di Treviso,IT
Urgnano,IT
Sannicandro di Bari,IT
Barga,IT
Casaluce,IT
Siano,IT
San Pancrazio Salentino,IT
Montescaglioso,IT
Montemarciano,IT
Fino Mornasco,IT
Argelato,IT
Crosia,IT
Campobello di Licata,IT
Lurate Caccivio,IT
Mori,IT
Trescore Balneario,IT
Castrolibero,IT
Garlasco,IT
Poggio Renatico,IT
Boves,IT
Conselice,IT
Sant’Egidio alla Vibrata,IT
Ruffano,IT
Cuorgnè,IT
Deruta,IT
Dolianova,IT
Recco,IT
Matelica,IT
Porto Tolle,IT
Bellinzago Novarese,IT
Castel Bolognese,IT
Santo Stefano di Magra,IT
Mareno di Piave,IT
Zafferana Etnea,IT
Sorbolo,IT
Gassino Torinese,IT
Nepi,IT
Elmas,IT
Cavriglia,IT
Piombino Dese,IT
Marano Vicentino,IT
Resana,IT
Fiumefreddo di Sicilia,IT
Mendicino,IT
Traversetolo,IT
Castelleone,IT
Foiano della Chiana,IT
Capriolo,IT
San Giovanni in Marignano,IT
Fossombrone,IT
Broni,IT
Aragona,IT
Santa Teresa di Riva,IT
Aradeo,IT
Gavirate,IT
Maserada sul Piave,IT
Pasian di Prato,IT
Loria,IT
Giardini,IT
Filottrano,IT
Pizzo,IT
Mosciano Sant’Angelo,IT
Treia,IT
Brugnera,IT
Carignano,IT
Borgosatollo,IT
Vignate,IT
Villa Castelli,IT
Belvedere Marittimo,IT
Castellabate,IT
San Marzano di San Giuseppe,IT
Vanzago,IT
Cherasco,IT
Luzzi,IT
Troina,IT
Istrana,IT
Segni,IT
Cermenate,IT
Folignano,IT
Iseo,IT
Magnago,IT
Santa Lucia di Piave,IT
Vittuone,IT
Costa Volpino,IT
Inverigo,IT
Gaggiano,IT
Podenzano,IT
Savignano sul Panaro,IT
Maserà di Padova,IT
Sant’Agnello,IT
Santa Margherita Ligure,IT
Cogoleto,IT
Vaprio d’Adda,IT
Reggiolo,IT
Serramanna,IT
Gonzaga,IT
Soverato Marina,IT
Trebisacce,IT
Asolo,IT
Castagneto Carducci,IT
Martano,IT
Malalbergo,IT
Castelnuovo Berardenga,IT
Aviano,IT
Oggiono,IT
Roccastrada,IT
Petilia Policastro,IT
Monteroni d’Arbia,IT
San Sebastiano al Vesuvio,IT
Colorno,IT
Tirano,IT
Parabita,IT
Sorisole,IT
Cesa,IT
Pandino,IT
Civitella in Val di Chiana,IT
Monticello Conte Otto,IT
Montagnana,IT
Noventa Vicentina,IT
Teolo,IT
Besozzo,IT
Gatteo,IT
Montalto di Castro,IT
Roccapiemonte,IT
Mozzate,IT
Lavis,IT
Guardiagrele,IT
Tarcento,IT
Luzzara,IT
Lacchiarella,IT
Cutrofiano,IT
Legnaro,IT
Zogno,IT
Castel Gandolfo,IT
Ponte Buggianese,IT
Monteforte d’Alpone,IT
Subiaco,IT
Soresina,IT
Porcari,IT
Bovalino Marina,IT
Ala,IT
Flero,IT
Felino,IT
Minervino Murge,IT
La Loggia,IT
Albinea,IT
Ceprano,IT
Brandizzo,IT
Gessate,IT
Campogalliano,IT
Farra di Soligo,IT
Vestignè,IT
Orte,IT
Borgoricco,IT
Triuggio,IT
Minerbio,IT
Torre Boldone,IT
San Giorgio di Piano,IT
Zanica,IT
Monte Porzio Catone,IT
Rignano sull’Arno,IT
Vergiate,IT
Trissino,IT
Missaglia,IT
Morlupo,IT
Lequile,IT
Castelbuono,IT
Laveno-Mombello,IT
Casorate Primo,IT
Viagrande,IT
Monte San Savino,IT
Erchie,IT
Palazzolo Acreide,IT
Coccaglio,IT
Pianella,IT
Vicopisano,IT
Volvera,IT
San Giuseppe Iato,IT
Roverbella,IT
Clusone,IT
Inveruno,IT
Bruino,IT
Casapulla,IT
Dorgali,IT
San Gavino Monreale,IT
Ferrandina,IT
Breganze,IT
Gavorrano,IT
Spello,IT
Castelnuovo di Porto,IT
Sortino,IT
Chiusi,IT
Santa Venerina,IT
Brembate,IT
Cagli,IT
Galbiate,IT
Calvisano,IT
Ittiri,IT
Ronciglione,IT
Boville Ernica,IT
Striano,IT
Santhià,IT
Zoppola,IT
Fermignano,IT
Pietra Ligure,IT
Villafranca Tirrena,IT
Cologna Veneta,IT
Sanluri,IT
Castelnovo di Sotto,IT
Sandrigo,IT
Nogara,IT
Castegnato,IT
Concordia sulla Secchia,IT
Prata di Pordenone,IT
Pogliano Milanese,IT
Casarsa della Delizia,IT
Caprino Veronese,IT
Tombolo,IT
Airola,IT
Calusco d’Adda,IT
Bientina,IT
Sala Bolognese,IT
Vado Ligure,IT
Tuscania,IT
Pino Troinese,IT
Trevi,IT
Vallo della Lucania,IT
Ponte di Piave,IT
Toritto,IT
San Damiano d’Asti,IT
Castelnuovo di Magra,IT
Piovene Rocchette,IT
Fiesso d’Artico,IT
Altavilla Milicia,IT
San Sperate,IT
Serramazzoni,IT
Cuggiono,IT
Soriano nel Cimino,IT
Massa Marittima,IT
Taglio di Po,IT
Fabrica di Roma,IT
Salice Salentino,IT
Ponte nell’Alpi,IT
Albano Sant’Alessandro,IT
Sirmione,IT
Decimomannu,IT
Agira,IT
Monte Urano,IT
Vicchio,IT
Petrosino,IT
Boiano,IT
Verolanuova,IT
Capriate San Gervasio,IT
San Cesario di Lecce,IT
Fusignano,IT
Paliano,IT
Cariati,IT
Racalmuto,IT
Rivolta d’Adda,IT
Caccamo,IT
Rossano Veneto,IT
Solarino,IT
Chiaramonte Gulfi,IT
Vobarno,IT
Fuscaldo,IT
Quarto d’Altino,IT
Cervaro,IT
Leporano,IT
Verdello,IT
Campomarino,IT
Fontaniva,IT
Villa Guardia,IT
Novoli,IT
Fara Gera d’Adda,IT
None,IT
Montorio al Vomano,IT
Grottaminarda,IT
Caerano di San Marco,IT
Levico Terme,IT
Gattinara,IT
San Daniele del Friuli,IT
Monte San Giusto,IT
Pisogne,IT
Motta Visconti,IT
Maracalagonis,IT
Casteltermini,IT
Tavullia,IT
Borgonovo Val Tidone,IT
San Giovanni Gemini,IT
Meta,IT
Cellole,IT
Cartoceto,IT
Bosa,IT
Limena,IT
Mariglianella,IT
Portico di Caserta,IT
Marnate,IT
Campoformido,IT
Gravellona Toce,IT
Cumiana,IT
Colico,IT
Arcugnano,IT
Bolano,IT
Toscolano,IT
Breda di Piave,IT
Palagianello,IT
Origgio,IT
Serra Riccò,IT
Crescentino,IT
Avella,IT
Sacrofano,IT
Rovellasca,IT
Teggiano,IT
Marmirolo,IT
Rizziconi,IT
Torrile,IT
San Gimignano,IT
Pantelleria,IT
Tavernelle in Val di Pesa,IT
Pelago,IT
Appiano Gentile,IT
Vigliano Biellese,IT
Manziana,IT
Pasiano,IT
Carpaneto Piacentino,IT
Fivizzano,IT
Vietri sul Mare,IT
Cairate,IT
Recale,IT
Loreggia,IT
Barge,IT
Agerola,IT
Santa Maria di Licodia,IT
Tricesimo,IT
Città della Pieve,IT
Vico del Gargano,IT
Castiglione Olona,IT
Vergato,IT
Costabissara,IT
Mozzecane,IT
Soncino,IT
Stra,IT
Vigarano Mainarda,IT
Naro,IT
Brisighella,IT
Castellalto,IT
Carmignano di Brenta,IT
Curno,IT
Mirabella Eclano,IT
Lodi Vecchio,IT
Sonnino,IT
Candelo,IT
Cologne,IT
Pratola Peligna,IT
Nicolosi,IT
Campofelice di Roccella,IT
Caluso,IT
Lamporecchio,IT
Roccasecca,IT
Cotignola,IT
San Giórgio di Nogaro,IT
Vitulazio,IT
San Zenone,IT
Bovezzo,IT
Grumello del Monte,IT
Vedano Olona,IT
Torregrotta,IT
San Colombano al Lambro,IT
San Marco Argentano,IT
Sparanise,IT
Borgetto,IT
Zelo Buon Persico,IT
Loreto Aprutino,IT
Tito,IT
Pederobba,IT
Cavenago di Brianza,IT
Cormòns,IT
Sant’Agata Bolognese,IT
Volta Mantovana,IT
Forte dei Marmi,IT
Castel Madama,IT
Carnate,IT
Marcellina,IT
Vezzano Ligure,IT
Curtarolo,IT
Chiavenna,IT
Manciano,IT
Staranzano,IT
Luserna San Giovanni,IT
Venegono Superiore,IT
Castiglione della Pescaia,IT
Poviglio,IT
Torrita di Siena,IT
Santa Giustina in Colle,IT
Rufina,IT
Militello in Val di Catania,IT
Binasco,IT
Isola delle Femmine,IT
Carinola,IT
Turbigo,IT
Povegliano Veronese,IT
Campagna Lupia,IT
Camerano,IT
Montalbano Ionico,IT
Montecosaro,IT
Roggiano Gravina,IT
Corte Franca,IT
Cagnano Varano,IT
Pontremoli,IT
Castello di Godego,IT
Longiano,IT
Sennori,IT
Regalbuto,IT
Sant’Angelo di Piove di Sacco,IT
Adro,IT
Cimitile,IT
Capri,IT
Mezzolombardo,IT
Arpino,IT
Bardolino,IT
Varallo,IT
Quiliano,IT
Galliera Veneta,IT
Spinetoli,IT
Melissano,IT
Novafeltria,IT
Pontevico,IT
Brugine,IT
Roccadaspide,IT
Campli,IT
Caulonia,IT
Soave,IT
Camerota,IT
Sassoferrato,IT
Trino,IT
Altavilla Silentina,IT
Montecassiano,IT
Urbania,IT
Asciano,IT
Pieve di Cento,IT
Rivergaro,IT
Buttapietra,IT
Vernole,IT
Gioiosa Ionica,IT
Dronero,IT
Passirano,IT
Chianciano Terme,IT
Orosei,IT
Pegognaga,IT
Fossò,IT
Grazzanise,IT
San Benedetto Po,IT
Fontanellato,IT
Canicattini Bagni,IT
Cavezzo,IT
Baricella,IT
Carosino,IT
Solesino,IT
Olginate,IT
Cordignano,IT
Morciano di Romagna,IT
Oliena,IT
Barlassina,IT
Calimera,IT
Cles,IT
San Filippo della Mela,IT
Centallo,IT
Bellante,IT
Senise,IT
Borgo a Mozzano,IT
Roncoferraro,IT
Spezzano Albanese,IT
Cassolnovo,IT
Scorrano,IT
Vallecrosia,IT
Vazzola,IT
Santi Cosma e Damiano,IT
Serino,IT
Saltara,IT
Noventa di Piave,IT
Anacapri,IT
San Fior di Sopra,IT
Lazise,IT
Vipiteno,IT
Camerino,IT
Cambiago,IT
Borgo,IT
Lignano Sabbiadoro,IT
Gioiosa Marea,IT
Roccarainola,IT
Busseto,IT
Villasor,IT
Pozzuolo del Friuli,IT
Manoppello,IT
Montelabbate,IT
Pignola,IT
Borgo Val di Taro,IT
Nole,IT
Sommatino,IT
Spino d’Adda,IT
Zibido San Giacomo,IT
Marzabotto,IT
Ferno,IT
Campomorone,IT
Sant’Agostino,IT
Mapello,IT
Mercato Saraceno,IT
San Vincenzo,IT
Pietraperzia,IT
Cerano,IT
Martignacco,IT
Nova Siri,IT
Monte San Vito,IT
Caraglio,IT
Santa Giustina,IT
Mesola,IT
Villa di Serio,IT
Cava Manara,IT
Lercara Friddi,IT
Settimo San Pietro,IT
Tagliacozzo,IT
Olevano sul Tusciano,IT
Mileto,IT
Ostiglia,IT
Robecco sul Naviglio,IT
Montegiorgio,IT
Carnago,IT
Curinga,IT
Cittaducale,IT
Cernobbio,IT
Praia a Mare,IT
Sapri,IT
Casteggio,IT
Castel di Sangro,IT
Alliste,IT
Notaresco,IT
Carapelle,IT
Sarnico,IT
Salgareda,IT
Larino,IT
Nervesa della Battaglia,IT
Villa d’Almè,IT
Olevano Romano,IT
Torgiano,IT
Zanè,IT
Arconate,IT
Sutri,IT
Brendola,IT
Poggio Rusco,IT
Villadossola,IT
Montenero di Bisaccia,IT
Fabbrico,IT
Serra San Bruno,IT
Avetrana,IT
Marina di Gioiosa Ionica,IT
Marcaria,IT
Dozza,IT
Castello d’Argile,IT
San Marco Evangelista,IT
Mede,IT
San Cipriano Picentino,IT
San Donaci,IT
Gorle,IT
Livigno,IT
Pollenza,IT
Montesano sulla Marcellana,IT
Montebello Vicentino,IT
Marineo,IT
Calatafimi,IT
Cellino San Marco,IT
Gonnosfanàdiga,IT
Ceriano Laghetto,IT
Strongoli,IT
Vairano Patenora,IT
Spinazzola,IT
Pontenure,IT
Buia,IT
Bolzano Vicentino,IT
Verzuolo,IT
Cinquefrondi,IT
Gualtieri,IT
Labico,IT
Piedimonte San Germano,IT
Pizzighettone,IT
Codevigo,IT
Canova,IT
San Cesario sul Panaro,IT
Rosolina,IT
Sammichele di Bari,IT
Gradisca d’Isonzo,IT
Roccella Ionica,IT
Sant’Arcangelo,IT
Balestrate,IT
Asiago,IT
Capranica,IT
Almese,IT
Vidigulfo,IT
Dairago,IT
Calci,IT
Arquata Scrivia,IT
Albanella,IT
Poggio Mirteto,IT
Cisano Bergamasco,IT
Landriano,IT
Monzuno,IT
Subbiano,IT
Alessano,IT
San Marcello Pistoiese,IT
Sesto al Reghena,IT
Capannoli,IT
Fossacesia,IT
Mesoraca,IT
Albiate,IT
Buttigliera Alta,IT
Lesina,IT
San Giorgio in Bosco,IT
Meolo,IT
Gallicano nel Lazio,IT
Susa,IT
Caneva,IT
Santa Margherita di Belice,IT
Robbiate,IT
Abbadia San Salvatore,IT
Sommariva del Bosco,IT
Monte San Biagio,IT
Tropea,IT
Recoaro Terme,IT
Fagagna,IT
San Martino Siccomario,IT
Porto Cesareo,IT
Quinzano d’Oglio,IT
Cornuda,IT
Mattinata,IT
Tortorici,IT
San Michele Salentino,IT
Medolla,IT
Marcallo con Casone,IT
Almenno San Bartolomeo,IT
Arcole,IT
San Canzian d’lsonzo,IT
Belgioioso,IT
Trasacco,IT
Cammarata,IT
Fossalta di Portogruaro,IT
Castelgomberto,IT
Maiolati Spontini,IT
Silandro,IT
Montebello Ionico,IT
Sernaglia della Battaglia,IT
Carloforte,IT
Villa Cortese,IT
Ghisalba,IT
Strambino,IT
Ascoli Satriano,IT
Tortora,IT
Piana degli Albanesi,IT
San Polo d’Enza in Caviano,IT
Nicotera,IT
Lioni,IT
Poppi,IT
Sumirago,IT
Domusnovas,IT
Montelepre,IT
Villaverla,IT
San Giovanni al Natisone,IT
Rio Saliceto,IT
Ravarino,IT
Venegono Inferiore,IT
Ceggia,IT
Rovello Porro,IT
Torreglia,IT
Monterenzio,IT
Bellona,IT
Crocetta del Montello,IT
Remanzacco,IT
Casalbordino,IT
Sermide,IT
Motta San Giovanni,IT
Cadeo,IT
Siziano,IT
Vizzini,IT
Gaiarine,IT
Luco dei Marsi,IT
San Lucido,IT
Collecorvino,IT
Pantigliate,IT
Sant’Elia Fiumerapido,IT
Vernio,IT
San Benigno Canavese,IT
Godega di Sant’Urbano,IT
Offanengo,IT
Ostellato,IT
San Giovanni Suèrgiu,IT
Guidizzolo,IT
Brignano Gera d’Adda,IT
Cambiano,IT
Fornovo di Taro,IT
Pimonte,IT
Ronco all’Adige,IT
Bagni di Lucca,IT
Serravalle Scrivia,IT
Poggiardo,IT
Castelsardo,IT
Calcinate,IT
Collepasso,IT
Bagnolo Piemonte,IT
Mel,IT
Gualdo Cattaneo,IT
Pignataro Maggiore,IT
Serradifalco,IT
Borso del Grappa,IT
Genazzano,IT
Roveredo in Piano,IT
Bagnolo San Vito,IT
Castelnuovo di Garfagnana,IT
Maiano,IT
Cavaion Veronese,IT
Montalcino,IT
Truccazzano,IT
Villa Bartolomea,IT
Bagno di Romagna,IT
Picerno,IT
Diano Marina,IT
Sannicola,IT
Loro Ciuffenna,IT
Ascea,IT
Torrebelvicino,IT
Cortina d’Ampezzo,IT
Cavaria,IT
Sambuca di Sicilia,IT
Robbio,IT
Villanuova sul clisi,IT
Girifalco,IT
Bussoleno,IT
Costigliole d’Asti,IT
Quinto Vicentino,IT
Palosco,IT
Naturno,IT
Stornara,IT
Otranto,IT
Villanova Mondovì,IT
Cellamare,IT
Rosate,IT
Rudiano,IT
Ceva,IT
Corigliano d’Otranto,IT
Brolo,IT
Rogliano,IT
San Dorligo della Valle,IT
Campo San Martino,IT
Fontanelle,IT
Gattatico,IT
San Paolo di Civitate,IT
Alezio,IT
Cogorno,IT
Spirano,IT
Uzzano,IT
Cancello,IT
Gabicce,IT
Passignano sul Trasimeno,IT
Santorso,IT
Nocera Umbra,IT
Trevignano Romano,IT
Pomarance,IT
Ciserano,IT
Genzano di Lucania,IT
Casorate Sempione,IT
Villanova d’Asti,IT
Castelverde,IT
San Secondo Parmense,IT
Longare,IT
Guagnano,IT
Riolo Terme,IT
Rocca di Neto,IT
Almenno San Salvatore,IT
San Giorgio Piacentino,IT
Arce,IT
Acque Dolci,IT
Romentino,IT
San Donato di Lecce,IT
Gossolengo,IT
Ospedaletto Euganeo,IT
Casaleone,IT
Candiolo,IT
Buti,IT
Campagnola Emilia,IT
Canale,IT
Gozzano,IT
Sala Baganza,IT
Fontevivo,IT
Panicale,IT
Almè,IT
Dello,IT
Brescello,IT
Grotte,IT
Casoli,IT
Trivero,IT
Monteiasi,IT
Apice,IT
Montefalco,IT
Misinto,IT
Pavia di Udine,IT
Ceriale,IT
Custonaci,IT
Maiori,IT
Peveragno,IT
Camporosso,IT
Besnate,IT
Quistello,IT
Cilavegna,IT
Angera,IT
Busalla,IT
Chiaravalle Centrale,IT
Anghiari,IT
Carcare,IT
Davoli,IT
Marsico Vetere,IT
San Tammaro,IT
Bracigliano,IT
Villa del Conte,IT
Dicomano,IT
Castiglione dei Pepoli,IT
Bentivoglio,IT
Cavour,IT
Caiazzo,IT
Moglia,IT
Mezzocorona,IT
Solbiate Olona,IT
Cotronei,IT
Borgo San Giacomo,IT
Cavallermaggiore,IT
Casorezzo,IT
Galliera,IT
Lagonegro,IT
Acquapendente,IT
Certosa di Pavia,IT
Corsano,IT
Povoletto,IT
Sannazzaro de’ Burgondi,IT
Soleto,IT
Palmanova,IT
Torchiarolo,IT
Caprarola,IT
Montepaone,IT
Gandino,IT
Santa Teresa Gallura,IT
Vanzaghello,IT
Albisola Marina,IT
Lanusei,IT
Lurago d’Erba,IT
Padula,IT
Arienzo,IT
Centuripe,IT
Villapiana,IT
Casalserugo,IT
Cupra Marittima,IT
Forino,IT
San Cipirello,IT
Gazzo Veronese,IT
Boretto,IT
Basiliano,IT
Stornarella,IT
Muro Lucano,IT
Nereto,IT
Codognè,IT
Linguaglossa,IT
Limana,IT
Castelvetro Piacentino,IT
Rivanazzano,IT
Monte Libretti,IT
Casal Velino,IT
Camposano,IT
Sovere,IT
Aquino,IT
Viggiù,IT
Sant’Omero,IT
Carsoli,IT
Rapolano Terme,IT
Camogli,IT
Albizzate,IT
Gizzeria,IT
Diamante,IT
Oppido Mamertina,IT
Montemiletto,IT
Monticelli d’Ongina,IT
Presicce,IT
Canino,IT
Sarroch,IT
Ispra,IT
Sarcedo,IT
Botricello,IT
Calatabiano,IT
Polla,IT
Muravera,IT
Rodigo,IT
Mugnano del Cardinale,IT
San Vito Chietino,IT
Malles Venosta,IT
Montanaro,IT
Longarone,IT
Castronno,IT
Santa Caterina Villarmosa,IT
Esine,IT
Ripi,IT
Guglionesi,IT
Povegliano,IT
Illasi,IT
Maruggio,IT
Vitorchiano,IT
Castellucchio,IT
Chiusa,IT
San Pietro di Feletto,IT
Fragagnano,IT
Poncarale,IT
Neviano,IT
Lovere,IT
Coreglia Antelminelli,IT
Laces,IT
Tuglie,IT
Tricarico,IT
Giavera del Montello,IT
Correzzola,IT
Castrignano del Capo,IT
Castelnuovo Scrivia,IT
Albaredo d’Adige,IT
Cannobio,IT
Favria,IT
Giussago,IT
Cividate al Piano,IT
Gottolengo,IT
Celle Ligure,IT
Trezzano Rosa,IT
Chions,IT
Cerda,IT
Marano sul Panaro,IT
Vigone,IT
Capistrello,IT
Centola,IT
Bottanuco,IT
Vaglia,IT
Bucchianico,IT
Campegine,IT
Veronella,IT
Ardore,IT
Samassi,IT
Portoscuso,IT
Amalfi,IT
Barzanò,IT
Gagliano del Capo,IT
Maser,IT
Colle Umberto,IT
Assoro,IT
Borgo Ticino,IT
Maratea,IT
Mineo,IT
San Giovanni Ilarione,IT
Canzo,IT
Laureana di Borrello,IT
Grassano,IT
Ornago,IT
Baselga di Pinè,IT
Mansuè,IT
Pagnacco,IT
Gazzaniga,IT
Melicucco,IT
Corropoli,IT
Condofuri,IT
Lagundo,IT
Telgate,IT
Montecastrilli,IT
Arosio,IT
Villadose,IT
Bella,IT
Bevagna,IT
Lonate Ceppino,IT
Lanzo Torinese,IT
Castelbellino,IT
Agnone,IT
Tolfa,IT
Lesignano de’ Bagni,IT
Lomagna,IT
Terranova di Sibari,IT
Sant’Angelo Romano,IT
San Gemini,IT
Gorla Maggiore,IT
Spadafora,IT
Santo Stefano Ticino,IT
Tursi,IT
San Ferdinando,IT
Mornago,IT
Porlezza,IT
Mortegliano,IT
Nove,IT
Gonnesa,IT
Offida,IT
Santa Ninfa,IT
Rovolon,IT
Serravalle Sesia,IT
Saccolongo,IT
San Polo di Piave,IT
Ricadi,IT
Sassano,IT
Muro Leccese,IT
San Francesco al Campo,IT
Varallo Pombia,IT
Guardia Sanframondi,IT
Tregnago,IT
Licciana Nardi,IT
Civitella del Tronto,IT
Stresa,IT
Irsina,IT
Reana del Roiale,IT
Arsago Seprio,IT
Morcone,IT
Zimella,IT
San Martino Valle Caudina,IT
Corinaldo,IT
Buccino,IT
Gradara,IT
Norcia,IT
Scilla,IT
Baveno,IT
Bagnolo Cremasco,IT
Monzambano,IT
Arcene,IT
Cisliano,IT
Robecchetto con Induno,IT
Popoli,IT
Francolise,IT
Gambassi,IT
Senorbì,IT
Bassano Romano,IT
Casale di Scodosia,IT
Gaggio Montano,IT
Lagosanto,IT
Torrice,IT
Verolengo,IT
Soragna,IT
Arzergrande,IT
Cupello,IT
San Pellegrino Terme,IT
Villarosa,IT
Supino,IT
Palazzo San Gervasio,IT
Cropani,IT
Breno,IT
Trichiana,IT
Marrùbiu,IT
Stroncone,IT
Castel del Piano,IT
Serrenti,IT
Santa Giusta,IT
Lacco Ameno,IT
Aidone,IT
Borghetto Santo Spirito,IT
Agugliano,IT
San Giovanni Bianco,IT
Fosdinovo,IT
Nocera Terinese,IT
Osnago,IT
Paratico,IT
Roccafranca,IT
San Costanzo,IT
Torre di Mosto,IT
Veggiano,IT
Mirabella Imbaccari,IT
Catenanuova,IT
Cocquio Trevisago,IT
Miglianico,IT
San Martino in Pensilis,IT
Buscate,IT
Andrano,IT
Specchia,IT
Gambara,IT
San Bartolomeo in Galdo,IT
Baiano,IT
Alvignano,IT
Castro dei Volsci,IT
Caorso,IT
Dogliani,IT
Villafranca in Lunigiana,IT
Peccioli,IT
Sant’Ambrogio di Torino,IT
Gonàrs,IT
Villaputzu,IT
Prizzi,IT
Azzate,IT
Montà,IT
Berra,IT
San Vito lo Capo,IT
Riva presso Chieri,IT
Sarteano,IT
Alseno,IT
Cappella Maggiore,IT
Mordano,IT
Pietramelara,IT
Ponte dell’Olio,IT
Pozzolo Formigaro,IT
Isola del Gran Sasso d’Italia,IT
Pian Camuno,IT
Cortemaggiore,IT
Acquasparta,IT
Piancogno,IT
Dorno,IT
Santo Stefano di Camastra,IT
Trivento,IT
Carvico,IT
Castel d’Ario,IT
Châtillon,IT
Acquarica del Capo,IT
Castiglione d’Adda,IT
Pramaggiore,IT
Vertova,IT
Mistretta,IT
San Giorgio della Richinvelda,IT
Rodano,IT
Padenghe sul Garda,IT
Castell’Arquato,IT
Brivio,IT
Butera,IT
Cupramontana,IT
Villafranca Piemonte,IT
Condove,IT
Barbarano Vicentino,IT
Pizzoli,IT
Zocca,IT
Torano Castello,IT
Piglio,IT
Bricherasio,IT
Gragnano Trebbiense,IT
Crevola d’Ossola,IT
Firenzuola,IT
Storo,IT
Grantorto,IT
Saint-Vincent,IT
Santa Lucia del Mela,IT
Calitri,IT
Mogliano,IT
Minerbe,IT
Villastellone,IT
Spezzano Grande,IT
Polverigi,IT
Edolo,IT
Chiesina Uzzanese,IT
Monterosi,IT
Sersale,IT
Mozzanica,IT
Arcade,IT
Torre Pellice,IT
Monsampolo del Tronto,IT
Varna,IT
Vailate,IT
Palaia,IT
Realmonte,IT
Predazzo,IT
Teglio,IT
Carimate,IT
Guardavalle,IT
Rombiolo,IT
Vignanello,IT
Druento,IT
Terricciola,IT
Castellazzo Bormida,IT
Ploaghe,IT
San Paolo,IT
Castel di Iudica,IT
Santo Stefano Quisquina,IT
Crespano del Grappa,IT
Castelraimondo,IT
Grignasco,IT
Castel Guelfo di Bologna,IT
Sotto il Monte,IT
Gropello Cairoli,IT
Peschici,IT
Cigliano,IT
Casina,IT
Ormelle,IT
Borgorose,IT
Morgano,IT
Modigliana,IT
Bisacquino,IT
San Zenone al Lambro,IT
Siculiana,IT
Bogliasco,IT
Solarolo,IT
Ghilarza,IT
Torrenova,IT
Pedavena,IT
Capri Leone,IT
San Pietro in Gù,IT
Toano,IT
Grosio,IT
Carrù,IT
Briatico,IT
Carpineto Romano,IT
Latronico,IT
Morano Calabro,IT
Acqualagna,IT
Ischitella,IT
Calascibetta,IT
Supersano,IT
Visciano,IT
Terlano,IT
Comun Nuovo,IT
Canneto sull’Oglio,IT
Tresigallo,IT
Uggiano la Chiesa,IT
Castelfrentano,IT
Altomonte,IT
Scansano,IT
Tribano,IT
Ameglia,IT
Ronco Scrivia,IT
Montereale Valcellina,IT
Usini,IT
Barberino di Val d’Elsa,IT
Bettona,IT
Decimoputzu,IT
Rapolla,IT
Monastier di Treviso,IT
Capocasale,IT
Favignana,IT
Poiana Maggiore,IT
Tarzo,IT
Livorno Ferraris,IT
Santa Croce di Magliano,IT
Cannara,IT
San Quirino,IT
Montecchia di Crosara,IT
Anguillara Veneta,IT
Arcevia,IT
Galzignano,IT
Arcidosso,IT
Amaseno,IT
Locate Varesino,IT
Paglieta,IT
Ponte Lambro,IT
Borghetto Lodigiano,IT
Sossano,IT
Vestone,IT
Gazzo,IT
Vigolzone,IT
Grisignano di Zocco,IT
Loiano,IT
Roana,IT
Ossona,IT
Bianco,IT
Malgrate,IT
Cene,IT
Torretta,IT
Vezzano sul Crostolo,IT
Revello,IT
Sant’Antonio di Susa,IT
San Salvatore Monferrato,IT
Marcheno,IT
Ariano nel Polesine,IT
Calvenzano,IT
Bastiglia,IT
Ripatransone,IT
Palau,IT
Tarvisio,IT
Castelforte,IT
San Gregorio Magno,IT
Bova Marina,IT
Sant’Angelo de’ Lombardi,IT
Torrevecchia Teatina,IT
Sissa,IT
San Benedetto Val di Sambro,IT
Appignano,IT
Bormio,IT
Torricella,IT
Piancastagnaio,IT
San Calogero,IT
Carpiano,IT
Orgosolo,IT
Ussana,IT
Olmedo,IT
Rovetta,IT
Canale Monterano,IT
Fossalta di Piave,IT
Vertemate,IT
Bolognetta,IT
Sabbioneta,IT
Altavilla Irpina,IT
Francavilla in Sinni,IT
Stanghella,IT
Solbiate Arno,IT
Nusco,IT
Berbenno di Valtellina,IT
Santa Maria Nuova,IT
Gorgo al Monticano,IT
Pofi,IT
Boffalora sopra Ticino,IT
Fumane,IT
Mazzè,IT
Montopoli in Sabina,IT
Cursi,IT
Travedona,IT
Casirate d’Adda,IT
Santa Sofia,IT
Mògoro,IT
Garda,IT
Sondalo,IT
Lallio,IT
Sori,IT
Stigliano,IT
Brembilla,IT
Roccalumera,IT
San Pietro a Maida,IT
Offlaga,IT
Moretta,IT
Castelmassa,IT
Carpino,IT
Moiano,IT
Limatola,IT
Tollo,IT
Avio,IT
Liscate,IT
Agordo,IT
Covo,IT
Pomarico,IT
Casirile,IT
Calangianus,IT
Sale,IT
Sant’Eufemia d’Aspromonte,IT
Sirolo,IT
Capalbio,IT
Isorella,IT
San Salvatore Telesino,IT
Cavalese,IT
Sant’Angelo in Vado,IT
Premariacco,IT
Pietragalla,IT
Quarona,IT
Rolo,IT
Allumiere,IT
Sogliano Cavour,IT
Medole,IT
Pescina,IT
Arnesano,IT
Ballabio,IT
Ripa Teatina,IT
Norma,IT
Talmassons,IT
Villar Perosa,IT
Vasanello,IT
Capoliveri,IT
Sardara,IT
Saluggia,IT
Cusano Mutri,IT
Lasa,IT
Civezzano,IT
Collesano,IT
Cappelle sul Tavo,IT
Gibellina,IT
Marsico Nuovo,IT
Sanguinetto,IT
Buttrio,IT
Carpineti,IT
Aiello del Sabato,IT
Casazza,IT
Bari Sardo,IT
Cesiomaggiore,IT
Venetico,IT
Fiesso Umbertiano,IT
Castrocielo,IT
Lugagnano Val d’Arda,IT
Vicovaro,IT
Piedimonte Etneo,IT
Occhieppo Inferiore,IT
Brentonico,IT
Lattarico,IT
Nuvolento,IT
Rosciano,IT
Bolsena,IT
Sant’Omobono Imagna,IT
Vescovato,IT
Annone Veneto,IT
Vermezzo,IT
Palomonte,IT
Falerna,IT
Tertenìa,IT
Caltavuturo,IT
Saponara Villafranca,IT
Castrignano de’ Greci,IT
Piraino,IT
Moliterno,IT
Positano,IT
Santo Stefano Belbo,IT
Guiglia,IT
San Genesio ed Uniti,IT
San Benedetto de’ Marsi,IT
Polesella,IT
Arborea,IT
Sabbio Chiese,IT
Mathi,IT
Giano dell’Umbria,IT
Casalbuttano,IT
Fonni,IT
Romagnano Sesia,IT
San Lorenzo di Sebato,IT
Contigliano,IT
Scarlino,IT
Paduli,IT
San Martino di Venezze,IT
Orsago,IT
Serracapriola,IT
Cittiglio,IT
Tiriolo,IT
Pratola Serra,IT
Agnadello,IT
Pavone Canavese,IT
Trana,IT
Paderno d’Adda,IT
Cessalto,IT
Francavilla di Sicilia,IT
Pernumia,IT
Cerreto Sannita,IT
Casole d’Elsa,IT
Bagolino,IT
Buddusò,IT
Casola di Napoli,IT
Dovera,IT
Platì,IT
Montemesola,IT
Fagnano Castello,IT
Battaglia Terme,IT
Roncà,IT
Cavriana,IT
Villa Lagarina,IT
Orsogna,IT
Oriolo Romano,IT
Maletto,IT
Lograto,IT
Bisaccia,IT
Follina,IT
Petacciato,IT
Manta,IT
Scoppito,IT
Salizzole,IT
Esperia,IT
Mongrando,IT
Aquaviva Picena,IT
Tromello,IT
Corchiano,IT
Bienno,IT
Pieve di Cadore,IT
Piobesi Torinese,IT
Sangano,IT
Fara Vicentino,IT
Solopaca,IT
Pompiano,IT
Gaglianico,IT
Lestizza,IT
Castagnole Lanze,IT
Serra de’ Conti,IT
Tuoro sul Trasimeno,IT
Castiòns di Strada,IT
Sedegliano,IT
Prignano sulla Secchia,IT
Numana,IT
San Giovanni a Piro,IT
Oppido Lucano,IT
Canossa,IT
Verolavecchia,IT
Civitella di Romagna,IT
Pitigliano,IT
Carpignano Salentino,IT
Castagnaro,IT
Grumolo delle Abbadesse,IT
Bellagio,IT
Colonnella,IT
Saracena,IT
Goro,IT
Massa Martana,IT
Pontelongo,IT
Porto Azzurro,IT
Oliveto Citra,IT
Carasco,IT
Caldonazzo,IT
Gallicano,IT
Taino,IT
Mondavio,IT
Parcines,IT
Deliceto,IT
Chiarano,IT
Cercemaggiore,IT
Villasimìus,IT
Romàns d’Isonzo,IT
Dubino,IT
San Luca,IT
Vaiano Cremasco,IT
Miradolo Terme,IT
Spotorno,IT
Cerreto d’Esi,IT
Ciminna,IT
Colli del Tronto,IT
Masone,IT
Voghenza,IT
Magliano Sabina,IT
Monghidoro,IT
Vidor,IT
Malcesine,IT
Tufino,IT
Spongano,IT
Riccò del Golfo di Spezia,IT
Fauglia,IT
Nizza di Sicilia,IT
Cattolica Eraclea,IT
Frigento,IT
Paderno Franciacorta,IT
Baldissero Torinese,IT
Villa Minozzo,IT
Scafa,IT
Rodi Garganico,IT
Rotondi,IT
Cavaglià,IT
Chiusa di Pesio,IT
Squillace,IT
Sant’Oreste,IT
San Pietro in Guarano,IT
Bene Vagienna,IT
Nogarole Rocca,IT
Montaione,IT
Faicchio,IT
Tione di Trento,IT
Artogne,IT
San Vito,IT
Magliano de’ Marsi,IT
Migliarino,IT
Falciano Selice,IT
Lascari,IT
Pradamano,IT
Bagnoli di Sopra,IT
Molteno,IT
Bagnoregio,IT
Mignanego,IT
Neviano degli Arduini,IT
Limbadi,IT
Pontecurone,IT
Minervino di Lecce,IT
Baunei,IT
Airasca,IT
Borgofranco d’Ivrea,IT
Bivona,IT
Morro d’Oro,IT
Pont-Saint-Martin,IT
Diano d’Alba,IT
San Fratello,IT
Montecalvo Irpino,IT
Colliano,IT
Bobbio,IT
Asso,IT
Montelupone,IT
Piegaro,IT
Ghemme,IT
Pozzonovo,IT
Amandola,IT
Bosco Chiesanuova,IT
Albuzzano,IT
Caltabellotta,IT
Massa Fiscaglia,IT
Pozzolengo,IT
Sergnano,IT
Lucignano,IT
Gioia Sannitica,IT
Ceregnano,IT
San Leonardo in Passiria,IT
Brancaleone Superiore,IT
Villamassargia,IT
Portovenere,IT
Ruoti,IT
San Vito di Leguzzano,IT
Magliano in Toscana,IT
San Pietro in Lama,IT
Gagliano Castelferrato,IT
Aci Bonaccorsi,IT
Miggiano,IT
Alia,IT
Castelplanio,IT
Monasterace,IT
Pravisdomini,IT
Valledolmo,IT
Faggiano,IT
Marano Marchesato,IT
Badia,IT
Narzole,IT
Tribiano,IT
Laterina,IT
Ardesio,IT
Bagnário Arsa,IT
Tronzano Vercellese,IT
Bressana Bottarone,IT
Satriano,IT
Bovolenta,IT
Mairano,IT
San Paolo Bel Sito,IT
Alanno,IT
Zapponeta,IT
Citerna,IT
Neive,IT
Beinette,IT
Endine Gaiano,IT
Casal Fiumanese,IT
Casale Corte Cerro,IT
Loreo,IT
Montefano,IT
Pescaglia,IT
Piadena,IT
Balsorano Nuovo,IT
Cengio,IT
Altidona,IT
Collazzone,IT
Gesualdo,IT
Lauro,IT
San Demetrio Corone,IT
Sassocorvaro,IT
Fornovo San Giovanni,IT
Ornavasso,IT
Montalto Dora,IT
Caposele,IT
Lusia,IT
Bosisio Parini,IT
Cimadolmo,IT
Castione della Presolana,IT
Castel di Casio,IT
Dosolo,IT
Sarsina,IT
Castelliri,IT
Sicignano degli Alburni,IT
Torrecuso,IT
Valfabbrica,IT
Cianciana,IT
Roccamonfina,IT
San Felice del Benaco,IT
Ripalta Cremasca,IT
Roncofreddo,IT
Bonorva,IT
Santadi,IT
Remedello Sopra,IT
Vallelunga Pratameno,IT
Forno Canavese,IT
Dongo,IT
Gressan,IT
San Ginesio,IT
Monsano,IT
Carolei,IT
Costa di Mezzate,IT
Roccabernarda,IT
San Lorenzo del Vallo,IT
Sale Marasino,IT
Ceppaloni,IT
Oulx,IT
Pontida,IT
Bedonia,IT
San Candido,IT
San Giusto Canavese,IT
Viggiano,IT
Dobbiaco,IT
Costigliole Saluzzo,IT
Vernate,IT
Viano,IT
Polverara,IT
Grottazzolina,IT
Contursi,IT
Falerone,IT
Marene,IT
Vellezzo Bellini,IT
Maslianico,IT
Paterno,IT
Millesimo,IT
Biandronno,IT
Rocca Imperiale,IT
Montese,IT
Delianuova,IT
Furci Siculo,IT
Sorano,IT
Vibonati,IT
Vinchiaturo,IT
Sperlonga,IT
Ferrazzano,IT
San Vito Romano,IT
Villafrati,IT
Pont Canavese,IT
Aquiléia,IT
Auronzo di Cadore,IT
San Marco dei Cavoti,IT
Ospedaletti,IT
Gimigliano,IT
San Giovanni Incarico,IT
Narcao,IT
Foglianise,IT
Blera,IT
Castellana Sicula,IT
Montefalcione,IT
Miane,IT
Scalenghe,IT
Gais,IT
Caronia,IT
Casamarciano,IT
Agna,IT
Ardenno,IT
Baiso,IT
Oschiri,IT
Godiasco,IT
Bovino,IT
Delebio,IT
Cogollo del Cengio,IT
San Lorenzo in Campo,IT
Morolo,IT
Corio,IT
Morciano di Leuca,IT
Montemaggiore Belsito,IT
Castel Ritaldi,IT
Petralia Soprana,IT
Polizzi Generosa,IT
Borgo Tossignano,IT
Brebbia,IT
Cinto Caomaggiore,IT
Camporeale,IT
Santa Marina,IT
Cessaniti,IT
Valle Mosso,IT
Sogliano al Rubicone,IT
Scerni,IT
Bibbona,IT
Casnigo,IT
Stienta,IT
Sarnano,IT
Andorno Micca,IT
Mezzani,IT
Abbadia Lariana,IT
Gaggi,IT
Saint-Pierre,IT
San Biagio Platani,IT
Ro,IT
Perosa Argentina,IT
Volturara Irpina,IT
Antegnate,IT
Bellano,IT
Coazze,IT
San Michele di Ganzaria,IT
Manocalzati,IT
Castelnuovo Don Bosco,IT
Sesto ed Uniti,IT
Varzi,IT
Camposanto,IT
Casalmaiocco,IT
Tolve,IT
Fonzaso,IT
Villagrande Strisaili,IT
Malonno,IT
Civitella Marittima,IT
Ostra Vetere,IT
Rocca d’Evandro,IT
Marone,IT
Marano Principato,IT
Jerzu,IT
Marliana,IT
Frosolone,IT
Montecalvoli,IT
Corno di Rosazzo,IT
Valli del Pasubio,IT
Moscufo,IT
Forano,IT
San Gillio,IT
Rovito,IT
Zinasco,IT
Civitella Roveto,IT
Bressanvido,IT
Decollatura,IT
Carlazzo,IT
Patrica,IT
Folgaria,IT
Mignano Monte Lungo,IT
Bardonecchia,IT
Belfiore,IT
San Michele all’Adige,IT
Polcenigo,IT
Arsiero,IT
Marano di Valpolicella,IT
Viguzzolo,IT
Cantagallo,IT
Serrara Fontana,IT
Scandriglia,IT
Bagnoli Irpino,IT
Buonconvento,IT
Casella,IT
Balangero,IT
Aldeno,IT
Maleo,IT
Garessio,IT
Castiglione di Sicilia,IT
Cerisano,IT
Pergine Valdarno,IT
San Giorgio a Liri,IT
Mazzano Romano,IT
Maenza,IT
Pieve Santo Stefano,IT
Sospirolo,IT
Romanengo,IT
Fontanarosa,IT
Cascia,IT
Montorso Vicentino,IT
Bosconero,IT
Menaggio,IT
Serrastretta,IT
Grotteria,IT
Ripalimosani,IT
Suvereto,IT
Raddusa,IT
Scandale,IT
Capizzi,IT
Rio di Pusteria,IT
San Leucio del Sannio,IT
Lozzo Atestino,IT
Pietrelcina,IT
Castel Focognano,IT
Pastrengo,IT
Nanto,IT
Robassomero,IT
Monte Roberto,IT
Sant’Onofrio,IT
Licodia Eubea,IT
Comunanza,IT
Baone,IT
Caprino Bergamasco,IT
San Maurizio d’Opaglio,IT
Villanterio,IT
Contrada,IT
Saludecio,IT
Marradi,IT
Sarmede,IT
Sospiro,IT
Bernate Ticino,IT
Castell’Umberto,IT
Torino di Sangro,IT
Fogliano Redipúglia,IT
Volano,IT
Serrone,IT
Pattada,IT
Villafranca d’Asti,IT
Casalincontrada,IT
San Giorgio Morgeto,IT
Torre de’ Passeri,IT
San Genesio Atesino,IT
Pinzolo,IT
Orgiano,IT
Prata di Principato Ultra,IT
Torri del Benaco,IT
Sturno,IT
Soveria Mannelli,IT
Crucoli,IT
Tramutola,IT
San Pietro Viminario,IT
Caselette,IT
Fluminimaggiore,IT
Canepina,IT
Sanfrè,IT
Castronuovo di Sicilia,IT
Samughèo,IT
Santa Cesarea Terme,IT
Serle,IT
Africo,IT
Longobucco,IT
Osilo,IT
Campofranco,IT
Caselle Lurani,IT
Stia,IT
Nissoria,IT
Sant’Angelo di Brolo,IT
Villa di Tirano,IT
Posada,IT
Badolato,IT
Gazoldo degli Ippoliti,IT
Roccabianca,IT
Fregona,IT
Moncalvo,IT
Pietravairano,IT
Diso,IT
Giarratana,IT
Castiglione Cosentino,IT
Lentiai,IT
Misano di Gera d’Adda,IT
Mormanno,IT
Cassine,IT
Monterosso Almo,IT
San Giorgio la Molara,IT
Prata Camportaccio,IT
Montevago,IT
Pollina,IT
Verbicaro,IT
Fanano,IT
Fiumefreddo Bruzio,IT
Flumeri,IT
Porto Ceresio,IT
Tesero,IT
Viggianello,IT
Pralboino,IT
Spigno Saturnia,IT
Thiesi,IT
Rovagnate,IT
Dugenta,IT
Ostiano,IT
San Fele,IT
Vitulano,IT
San Polo dei Cavalieri,IT
Sant’Agata sul Santerno,IT
Meduna di Livenza,IT
Castrofilippo,IT
Villafalletto,IT
Cassacco,IT
Velturno,IT
Fontana Liri,IT
Roncegno,IT
Comerio,IT
Castri di Lecce,IT
Amendolara,IT
Ruda,IT
Acquanegra sul Chiese,IT
Cerrione,IT
Palazzolo dello Stella,IT
Filiano,IT
Lettomanoppello,IT
Campo Ligure,IT
San Leo,IT
Valentano,IT
Gemonio,IT
Riva Ligure,IT
Mezzojuso,IT
Castel Viscardo,IT
Montemaggiore al Metauro,IT
Artegna,IT
Faedis,IT
Trescore Cremasco,IT
Francavilla Marittima,IT
Alessandria della Rocca,IT
Briga Novarese,IT
Osoppo,IT
Gargnano,IT
Sirignano,IT
Ragogna,IT
Borghi,IT
Grandate,IT
Castellina in Chianti,IT
Airuno,IT
Madignano,IT
Sarmato,IT
Torpè,IT
Terzo d’Aquiléia,IT
Ordona,IT
Crecchio,IT
Bellegra,IT
Tiggiano,IT
Monte di Malo,IT
Chienes,IT
Iolanda di Savoia,IT
Turriaco,IT
Santa Vittoria d’Alba,IT
Letoianni,IT
Torviscosa,IT
Fabro,IT
Uras,IT
Celico,IT
Tusa,IT
San Piero Patti,IT
Gallese,IT
Guarno,IT
Castelnuovo Cilento,IT
Vercurago,IT
Pedaso,IT
Moriago della Battaglia,IT
Sant’Arsenio,IT
Sciara,IT
Lamon,IT
Monteviale,IT
Saletto,IT
Montemarano,IT
Bitti,IT
Bronzolo,IT
Moneglia,IT
Sommariva Perno,IT
Scurcola Marsicana,IT
Gruaro,IT
Suno,IT
Morsano al Tagliamento,IT
Bonifati,IT
Vietri di Potenza,IT
Burcèi,IT
Acquasanta Terme,IT
Carlino,IT
Candela,IT
Traona,IT
Petriano,IT
La Morra,IT
Pozzoleone,IT
Courmayeur,IT
Cividate Camuno,IT
Falcone,IT
Pennabilli,IT
San Pier Niceto,IT
Orsenigo,IT
Raiano,IT
Mandatoriccio,IT
Piasco,IT
Chiusa Sclafani,IT
Pavone del Mella,IT
Biccari,IT
Bettola,IT
Gaiole in Chianti,IT
Trevenzuolo,IT
Montecalvo in Foglia,IT
Berlingo,IT
Amorosi,IT
Berchidda,IT
Botrugno,IT
Lessona,IT
Salandra,IT
Serra San Quirico,IT
Arrone,IT
Fossato di Vico,IT
Sant’Anna Arresi,IT
Castignano,IT
Cordovado,IT
Zandobbio,IT
Mammola,IT
Rivello,IT
Petralia Sottana,IT
Golasecca,IT
Barile,IT
Occhieppo Superiore,IT
Valle di Maddaloni,IT
Varmo,IT
Paesana,IT
Monforte San Giorgio,IT
Pabillonis,IT
Formignana,IT
Acerno,IT
Seminara,IT
Nimis,IT
Trecenta,IT
Marlengo,IT
Bornasco,IT
Castell’Alfero,IT
Mele,IT
Lama Mocogno,IT
Nulvi,IT
Gissi,IT
Orsara di Puglia,IT
Villanova d’Albenga,IT
Bargagli,IT
Casaloldo,IT
Bereguardo,IT
Poggio Imperiale,IT
Brembio,IT
Canaro,IT
Rossiglione,IT
Gussola,IT
Noli,IT
Abbasanta,IT
Montesano Salentino,IT
Baschi,IT
Montecorice,IT
Santa Maria la Fossa,IT
Guasila,IT
Fiano,IT
Cetona,IT
Porto Ercole,IT
Caggiano,IT
Laion,IT
Serdiana,IT
Pietra Montecorvino,IT
San Mango Piemonte,IT
Pieve Porto Morone,IT
San Fili,IT
Apollosa,IT
Castel San Niccolò,IT
Sandigliano,IT
Toirano,IT
Casalvieri,IT
Guardamiglio,IT
Vicari,IT
Besenello,IT
Villamar,IT
Vallata,IT
Romano Canavese,IT
San Cono,IT
Cantalice,IT
Campodoro,IT
Castelvenere,IT
Alice Castello,IT
Ururi,IT
Grotte di Castro,IT
Sgurgola,IT
Fontaneto d’Agogna,IT
Poggio Moiano,IT
Genola,IT
Alvito,IT
Cuglieri,IT
Roccavione,IT
San Quirico d’Orcia,IT
Merlara,IT
Sinagra,IT
Verrès,IT
Gavoi,IT
Tocco da Casauria,IT
Moena,IT
Cison di Valmarino,IT
San Colombano Certenoli,IT
Solferino,IT
Gardone Riviera,IT
San Nicolò d’Arcidano,IT
Burgio,IT
Schiavon,IT
Pisciotta,IT
Casabona,IT
Dervio,IT
Castel Sant’Elia,IT
Varano de’ Melegari,IT
San Gregorio d’Ippona,IT
Badia Calavena,IT
Agliè,IT
Torricella Sicura,IT
Selva,IT
Pianopoli,IT
Baranello,IT
Fratta Polesine,IT
Baragiano,IT
Trenta,IT
Caravate,IT
Gravedona,IT
Ceresara,IT
Rivara,IT
Mereto di Tomba,IT
Villa Santa Lucia,IT
Casola Valsenio,IT
Gerace,IT
Rotondella,IT
Ausonia,IT
Vallerano,IT
Villaspeciosa,IT
Lurago Marinone,IT
Besano,IT
Vignolo,IT
Ternate,IT
Lusiana,IT
Valfurva,IT
Bolotana,IT
Porpetto,IT
Urbisaglia,IT
Pozzomaggiore,IT
Dolcè,IT
Vallecorsa,IT
Ponte,IT
Stilo,IT
San Gervasio Bresciano,IT
Budoia,IT
San Vittore del Lazio,IT
San Giorgio Canavese,IT
Vestenanuova,IT
Petronà,IT
Sanza,IT
Santa Fiora,IT
Casole Bruzio,IT
Benestare,IT
San Lorenzo,IT
Moricone,IT
Poggio Nativo,IT
Costa di Rovigo,IT
Paularo,IT
Buonabitacolo,IT
Rivarolo Mantovano,IT
Camerata Picena,IT
Chiuro,IT
Pieve Vergonte,IT
Pellestrina,IT
Pignataro Interamna,IT
Caltignaga,IT
Cinigiano,IT
Pressana,IT
Sant’Anna d’Alfaedo,IT
Lago,IT
Chiuppano,IT
Santa Sofia d’Epiro,IT
Luras,IT
Ziano Piacentino,IT
Nuraminis,IT
Bergantino,IT
Mamoiada,IT
Corleto Perticara,IT
Corbara,IT
Donnaz,IT
Caltrano,IT
Galati Mamertino,IT
Campodipietra,IT
Molochio,IT
Galeata,IT
Santo Stefano di Cadore,IT
Momo,IT
Avigliano,IT
Carpignano Sesia,IT
Lungro,IT
Sant’Elena,IT
Montallegro,IT
Amatrice,IT
Moruzzo,IT
Muzzana del Turgnano,IT
Montodine,IT
Antrodoco,IT
Pieve Ligure,IT
Cellino Attanasio,IT
San Vero Milis,IT
San Michele di Serino,IT
Portocannone,IT
Sestola,IT
Ravello,IT
Meina,IT
Pieve Fosciana,IT
Chiesa in Valmalenco,IT
Berzo Inferiore,IT
Pocenia,IT
Monteodorisio,IT
Regia Dogana,IT
Capo di Ponte,IT
Sant’Eusanio del Sangro,IT
Cicagna,IT
Tollegno,IT
Revere,IT
Rive d’Arcano,IT
Berlin,DE
Hamburg,DE
Munich,DE
Cologne,DE
Frankfurt,DE
Bremen,DE
Düsseldorf,DE
Stuttgart,DE
Leipzig,DE
Dortmund,DE
Essen,DE
Dresden,DE
Hannover,DE
Nuremberg,DE
Duisburg,DE
Bochum,DE
Wuppertal,DE
Bielefeld,DE
Bonn,DE
Münster,DE
Karlsruhe,DE
Mannheim,DE
Augsburg,DE
Kassel,DE
Wiesbaden,DE
Mönchengladbach,DE
Gelsenkirchen,DE
Braunschweig,DE
Aachen,DE
Kiel,DE
Chemnitz,DE
Halle,DE
Magdeburg,DE
Freiburg im Breisgau,DE
Krefeld,DE
Mainz,DE
Lübeck,DE
Oberhausen,DE
Rostock,DE
Erfurt,DE
Hagen,DE
Potsdam,DE
Saarbrücken,DE
Hamm,DE
Ludwigshafen,DE
Mülheim,DE
Oldenburg,DE
Osnabrück,DE
Leverkusen,DE
Heidelberg,DE
Solingen,DE
Darmstadt,DE
Herne,DE
Neuss,DE
Regensburg,DE
Paderborn,DE
Ingolstadt,DE
Würzburg,DE
Fürth,DE
Ulm,DE
Heilbronn,DE
Pforzheim,DE
Wolfsburg,DE
Göttingen,DE
Bottrop,DE
Reutlingen,DE
Koblenz,DE
Bremerhaven,DE
Recklinghausen,DE
Bergisch Gladbach,DE
Erlangen,DE
Jena,DE
Remscheid,DE
Trier,DE
Salzgitter,DE
Moers,DE
Siegen,DE
Hildesheim,DE
Cottbus,DE
Gütersloh,DE
Kaiserslautern,DE
Witten,DE
Hanau,DE
Schwerin,DE
Gera,DE
Esslingen,DE
Ludwigsburg,DE
Iserlohn,DE
Düren,DE
Tübingen,DE
Flensburg,DE
Zwickau,DE
Gießen,DE
Ratingen,DE
Lünen,DE
Villingen-Schwenningen,DE
Konstanz,DE
Marl,DE
Worms,DE
Velbert,DE
Minden,DE
Dessau-Roßlau,DE
Neumünster,DE
Norderstedt,DE
Delmenhorst,DE
Bamberg,DE
Viersen,DE
Marburg,DE
Rheine,DE
Wilhelmshaven,DE
Gladbeck,DE
Lüneburg,DE
Troisdorf,DE
Dorsten,DE
Bayreuth,DE
Detmold,DE
Arnsberg,DE
Castrop-Rauxel,DE
Lüdenscheid,DE
Landshut,DE
Brandenburg,DE
Bocholt,DE
Aschaffenburg,DE
Celle,DE
Kempten,DE
Fulda,DE
Aalen,DE
Lippstadt,DE
Dinslaken,DE
Herford,DE
Kerpen,DE
Rüsselsheim,DE
Weimar,DE
Plauen,DE
Sindelfingen,DE
Neuwied,DE
Dormagen,DE
Neubrandenburg,DE
Grevenbroich,DE
Rosenheim,DE
Herten,DE
Bergheim,DE
Schwäbisch Gmünd,DE
Friedrichshafen,DE
Garbsen,DE
Wesel,DE
Hürth,DE
Offenburg,DE
Stralsund,DE
Greifswald,DE
Langenfeld,DE
Neu-Ulm,DE
Unna,DE
Euskirchen,DE
Frankfurt (Oder),DE
Göppingen,DE
Hameln,DE
Stolberg,DE
Eschweiler,DE
Görlitz,DE
Langenhagen,DE
Meerbusch,DE
Sankt Augustin,DE
Hilden,DE
Waiblingen,DE
Baden-Baden,DE
Hattingen,DE
Lingen,DE
Bad Homburg,DE
Bad Salzuflen,DE
Pulheim,DE
Schweinfurt,DE
Nordhorn,DE
Neustadt,DE
Wetzlar,DE
Ahlen,DE
Frechen,DE
Passau,DE
Wolfenbüttel,DE
Ibbenbüren,DE
Kleve,DE
Bad Kreuznach,DE
Goslar,DE
Gummersbach,DE
Ravensburg,DE
Willich,DE
Speyer,DE
Böblingen,DE
Peine,DE
Emden,DE
Elmshorn,DE
Erftstadt,DE
Rastatt,DE
Heidenheim,DE
Lörrach,DE
Leonberg,DE
Bergkamen,DE
Bad Oeynhausen,DE
Freising,DE
Rheda-Wiedenbrück,DE
Cuxhaven,DE
Bornheim,DE
Gronau,DE
Straubing,DE
Stade,DE
Soest,DE
Dachau,DE
Alsdorf,DE
Landau,DE
Dülmen,DE
Melle,DE
Neunkirchen,DE
Herzogenrath,DE
Schwerte,DE
Oberursel,DE
Wittenberg,DE
Hof,DE
Filderstadt,DE
Gotha,DE
Fellbach,DE
Bünde,DE
Albstadt,DE
Weinheim,DE
Rodgau,DE
Bruchsal,DE
Oranienburg,DE
Brühl,DE
Erkrath,DE
Neustadt am Rübenberge,DE
Lehrte,DE
Kaufbeuren,DE
Falkensee,DE
Memmingen,DE
Kaarst,DE
Erkelenz,DE
Pinneberg,DE
Bietigheim-Bissingen,DE
Kamen,DE
Wismar,DE
Borken,DE
Gifhorn,DE
Nettetal,DE
Eisenach,DE
Dreieich,DE
Aurich,DE
Amberg,DE
Heinsberg,DE
Ansbach,DE
Homburg,DE
Nordhausen,DE
Wunstorf,DE
Seevetal,DE
Siegburg,DE
Laatzen,DE
Germering,DE
Coburg,DE
Königswinter,DE
Nürtingen,DE
Freiberg,DE
Schwabach,DE
Lemgo,DE
Kirchheim unter Teck,DE
Bensheim,DE
Schwäbisch Hall,DE
Weißenfels,DE
Pirmasens,DE
Eberswalde,DE
Halberstadt,DE
Buxtehude,DE
Leinfelden-Echterdingen,DE
Neumarkt,DE
Hückelhoven,DE
Hofheim,DE
Löhne,DE
Schorndorf,DE
Stendal,DE
Freital,DE
Völklingen,DE
Ettlingen,DE
Ostfildern,DE
Maintal,DE
Buchholz in der Nordheide,DE
Ahaus,DE
Ilmenau,DE
Mettmann,DE
Würselen,DE
Bitterfeld,DE
Bautzen,DE
Pirna,DE
Niederkassel,DE
Langen,DE
Greven,DE
Fürstenfeldbruck,DE
Neu Isenburg,DE
Papenburg,DE
Kamp-Lintfort,DE
Backnang,DE
Warendorf,DE
Königs Wusterhausen,DE
Suhl,DE
Beckum,DE
Erding,DE
Coesfeld,DE
Mühlhausen,DE
Wesseling,DE
Kehl,DE
Emsdetten,DE
Tuttlingen,DE
Sankt Ingbert,DE
Porta Westfalica,DE
Sinsheim,DE
Meppen,DE
Limburg,DE
Ingelheim,DE
Lage,DE
Cloppenburg,DE
Winsen,DE
Mörfelden-Walldorf,DE
Wermelskirchen,DE
Datteln,DE
Kempen,DE
Saarlouis,DE
Leer,DE
Seelze,DE
Crailsheim,DE
Barsinghausen,DE
Balingen,DE
Zweibrücken,DE
Viernheim,DE
Steinfurt,DE
Merseburg,DE
Hemer,DE
Dietzenbach,DE
Radebeul,DE
Bad Vilbel,DE
Geldern,DE
Goch,DE
Kornwestheim,DE
Stuhr,DE
Uelzen,DE
Deggendorf,DE
Wedel,DE
Ahrensburg,DE
Rheinfelden (Baden),DE
Korschenbroich,DE
Biberach,DE
Wernigerode,DE
Bernburg,DE
Jülich,DE
Lampertheim,DE
Vechta,DE
Naumburg,DE
Forchheim,DE
Bad Nauheim,DE
Hoyerswerda,DE
Altenburg,DE
Delbrück,DE
Fürstenwalde,DE
Achim,DE
Itzehoe,DE
Georgsmarienhütte,DE
Herrenberg,DE
Oer-Erkenschwick,DE
Radolfzell am Bodensee,DE
Kreuztal,DE
Ganderkesee,DE
Rheinberg,DE
Bramsche,DE
Neuruppin,DE
Einbeck,DE
Werl,DE
Schönebeck,DE
Burgdorf,DE
Gevelsberg,DE
Weyhe,DE
Geesthacht,DE
Haan,DE
Lohmar,DE
Osterholz-Scharmbeck,DE
Weil am Rhein,DE
Ennepetal,DE
Riesa,DE
Taunusstein,DE
Andernach,DE
Meschede,DE
Schwedt (Oder),DE
Friedberg,DE
Bad Hersfeld,DE
Gaggenau,DE
Merzig,DE
Neuburg,DE
Werve,DE
Vaihingen an der Enz,DE
Rietberg,DE
Saalfeld,DE
Bretten,DE
Waltrop,DE
Oelde,DE
Tönisvorst,DE
Güstrow,DE
Friedberg,DE
Landsberg,DE
Northeim,DE
Kelkheim (Taunus),DE
Springe,DE
Unterschleißheim,DE
Bühl,DE
Schwandorf,DE
Höxter,DE
Rösrath,DE
Bad Zwischenahn,DE
Schwelm,DE
Rendsburg,DE
Winnenden,DE
Bad Neuenahr-Ahrweiler,DE
Grimma,DE
Wegberg,DE
Geislingen an der Steige,DE
Königsbrunn,DE
Henstedt-Ulzburg,DE
Meißen,DE
Leichlingen,DE
Kevelaer,DE
Zeitz,DE
Emmendingen,DE
Blankenfelde,DE
Sundern,DE
Baunatal,DE
Reinbek,DE
Mechernich,DE
Hattersheim,DE
Wetter (Ruhr),DE
Griesheim,DE
Arnstadt,DE
Aschersleben,DE
Geilenkirchen,DE
Rheinbach,DE
Overath,DE
Baesweiler,DE
Leimen,DE
Wangen im Allgäu,DE
Schloß Holte-Stukenbrock,DE
Lohne,DE
Wiesloch,DE
Hamminkeln,DE
Strausberg,DE
Lauf,DE
Neckarsulm,DE
Heiligenhaus,DE
Sangerhausen,DE
Hennigsdorf,DE
Ehingen an der Donau,DE
Butzbach,DE
Nordenham,DE
Hohen Neuendorf,DE
Ludwigsfelde,DE
Mühlacker,DE
Heppenheim,DE
Selm,DE
Weiterstadt,DE
Pfaffenhofen,DE
Kulmbach,DE
Sankt Wendel,DE
Teltow,DE
Bad Honnef am Rhein,DE
Helmstedt,DE
Bingen am Rhein,DE
Achern,DE
Zirndorf,DE
Roth,DE
Lennestadt,DE
Verl,DE
Lindau,DE
Lübbecke,DE
Rinteln,DE
Brilon,DE
Staßfurt,DE
Zittau,DE
Plettenberg,DE
Groß-Gerau,DE
Schleswig,DE
Geretsried,DE
Rottweil,DE
Friedrichsdorf,DE
Petershagen,DE
Pfungstadt,DE
Bad Oldesloe,DE
Olpe,DE
Rathenow,DE
Senftenberg,DE
Meiningen,DE
Waldshut-Tiengen,DE
Sonneberg,DE
Salzwedel,DE
Calw,DE
Korbach,DE
Starnberg,DE
Freudenstadt,DE
Mosbach,DE
Husum,DE
Westerstede,DE
Burg,DE
Weilheim,DE
Bad Kissingen,DE
Stadthagen,DE
Apolda,DE
Heide,DE
Osterode,DE
Kitzingen,DE
Sonthofen,DE
Sondershausen,DE
Aichach,DE
Germersheim,DE
Günzburg,DE
Luckenwalde,DE
Traunstein,DE
Mühldorf,DE
Wittmund,DE
Bad Salzungen,DE
Lichtenfels,DE
Greiz,DE
Donauwörth,DE
Torgau,DE
Holzminden,DE
Dingolfing,DE
Annaberg-Buchholz,DE
Eschwege,DE
Haldensleben,DE
Sömmerda,DE
Prenzlau,DE
Wittlich,DE
Dillingen,DE
Bad Tölz,DE
Marktoberdorf,DE
Alzey,DE
Bad Dürkheim,DE
Weißenburg,DE
Bad Reichenhall,DE
Forst (Lausitz),DE
Parchim,DE
Sigmaringen,DE
Bad Segeberg,DE
Heilbad Heiligenstadt,DE
Eutin,DE
Cham,DE
Diepholz,DE
Kronach,DE
Kelheim,DE
Bad Neustadt,DE
Künzelsau,DE
Mindelheim,DE
Brake,DE
Bitburg,DE
Ratzeburg,DE
Jever,DE
Lübben (Spreewald),DE
Montabaur,DE
Erbach,DE
Lauterbach,DE
Haßfurt,DE
Eichstätt,DE
Tauberbischofsheim,DE
Neustadt,DE
Pfarrkirchen,DE
Ebersberg,DE
Perleberg,DE
Bad Fallingbostel,DE
Hildburghausen,DE
Miesbach,DE
Bad Schwalbach,DE
Regen,DE
Eisenberg,DE
Altötting,DE
Bad Ems,DE
Lüchow,DE
Miltenberg,DE
Wunsiedel,DE
Herzberg,DE
Plön,DE
Schleiz,DE
Tirschenreuth,DE
Beeskow,DE
Daun,DE
Simmern,DE
Kirchheimbolanden,DE
Freyung,DE
Birkenfeld,DE
Altenkirchen,DE
Neustadt,DE
Seelow,DE
Kusel,DE
Cochem,DE
Offenbach,DE
Frankenthal,DE
Weiden,DE
Nienburg,DE
Verden,DE
Köthen,DE
Rotenburg,DE
Karlstadt,DE
Neustadt,DE
Homberg,DE
Garmisch-Partenkirchen,DE
